Time,R_KNEE_FLX,Channel 0
2021-01-23 20:05:47.981000+00:00,5.01,403.050192041037
2021-01-23 20:05:47.985000+00:00,4.98,403.19630000985615
2021-01-23 20:05:47.989000+00:00,4.96,402.9440185072579
2021-01-23 20:05:47.993000+00:00,4.93,402.86869933810306
2021-01-23 20:05:47.997000+00:00,4.9,403.3804136552626
2021-01-23 20:05:48.001000+00:00,4.87,402.8954003410174
2021-01-23 20:05:48.005000+00:00,4.84,403.34243932700474
2021-01-23 20:05:48.009000+00:00,4.81,402.8393605876186
2021-01-23 20:05:48.013000+00:00,4.79,403.2127395576031
2021-01-23 20:05:48.017000+00:00,4.77,405.8752179867881
2021-01-23 20:05:48.021000+00:00,4.76,402.4199481675722
2021-01-23 20:05:48.025000+00:00,4.76,402.9338228986416
2021-01-23 20:05:48.029000+00:00,4.77,403.0132255439949
2021-01-23 20:05:48.033000+00:00,4.79,402.4036004293192
2021-01-23 20:05:48.037000+00:00,4.81,402.8069399010718
2021-01-23 20:05:48.041000+00:00,4.84,402.6196144502135
2021-01-23 20:05:48.045000+00:00,4.88,403.0246611991873
2021-01-23 20:05:48.049000+00:00,4.91,402.8766357127108
2021-01-23 20:05:48.053000+00:00,4.94,402.78890997076184
2021-01-23 20:05:48.057000+00:00,4.97,402.97894511819766
2021-01-23 20:05:48.061000+00:00,5.0,403.35433459167825
2021-01-23 20:05:48.065000+00:00,5.03,402.80929110920806
2021-01-23 20:05:48.069000+00:00,5.06,403.1773896474653
2021-01-23 20:05:48.073000+00:00,5.09,402.69680939699606
2021-01-23 20:05:48.077000+00:00,5.13,403.1403057804586
2021-01-23 20:05:48.081000+00:00,5.18,402.93617126354303
2021-01-23 20:05:48.085000+00:00,5.22,402.59986201154305
2021-01-23 20:05:48.089000+00:00,5.27,402.66857054658567
2021-01-23 20:05:48.093000+00:00,5.31,402.4263575794227
2021-01-23 20:05:48.097000+00:00,5.36,402.6556984669694
2021-01-23 20:05:48.101000+00:00,5.4,402.66588284525494
2021-01-23 20:05:48.105000+00:00,5.44,401.7982778009125
2021-01-23 20:05:48.109000+00:00,5.48,397.4655719420191
2021-01-23 20:05:48.113000+00:00,5.53,403.5417495787037
2021-01-23 20:05:48.117000+00:00,5.57,402.5544869915331
2021-01-23 20:05:48.121000+00:00,5.61,402.6989100356819
2021-01-23 20:05:48.125000+00:00,5.64,402.2699112452548
2021-01-23 20:05:48.129000+00:00,5.67,402.57234689362366
2021-01-23 20:05:48.133000+00:00,5.7,402.8906477565431
2021-01-23 20:05:48.137000+00:00,5.72,402.7157683285226
2021-01-23 20:05:48.141000+00:00,5.74,403.01099217867835
2021-01-23 20:05:48.145000+00:00,5.76,402.755963917656
2021-01-23 20:05:48.149000+00:00,5.77,403.33335439579815
2021-01-23 20:05:48.153000+00:00,5.78,404.0505078172755
2021-01-23 20:05:48.157000+00:00,5.8,401.4257360067983
2021-01-23 20:05:48.161000+00:00,5.82,402.95154384589057
2021-01-23 20:05:48.165000+00:00,5.85,402.8684158429692
2021-01-23 20:05:48.169000+00:00,5.88,402.7642409510964
2021-01-23 20:05:48.173000+00:00,5.93,402.66221866789095
2021-01-23 20:05:48.177000+00:00,5.98,402.9406700354348
2021-01-23 20:05:48.181000+00:00,6.04,402.39084589190475
2021-01-23 20:05:48.185000+00:00,6.1,402.5534488555412
2021-01-23 20:05:48.189000+00:00,6.16,402.40374873657146
2021-01-23 20:05:48.193000+00:00,6.21,402.10798155030983
2021-01-23 20:05:48.197000+00:00,6.26,400.06606987325233
2021-01-23 20:05:48.201000+00:00,6.31,402.40206856674064
2021-01-23 20:05:48.205000+00:00,6.34,402.8582754838534
2021-01-23 20:05:48.209000+00:00,6.37,403.0458232198739
2021-01-23 20:05:48.213000+00:00,6.39,402.59109667767694
2021-01-23 20:05:48.217000+00:00,6.4,402.95212312776107
2021-01-23 20:05:48.221000+00:00,6.41,402.8281346026735
2021-01-23 20:05:48.225000+00:00,6.42,402.3356204123118
2021-01-23 20:05:48.229000+00:00,6.43,402.35494502630297
2021-01-23 20:05:48.233000+00:00,6.44,402.9024332010752
2021-01-23 20:05:48.237000+00:00,6.44,403.1903165005344
2021-01-23 20:05:48.241000+00:00,6.44,402.82845950869483
2021-01-23 20:05:48.245000+00:00,6.43,402.42513749468816
2021-01-23 20:05:48.249000+00:00,6.41,402.379113751412
2021-01-23 20:05:48.253000+00:00,6.39,402.4458758500329
2021-01-23 20:05:48.257000+00:00,6.35,401.6755068389869
2021-01-23 20:05:48.261000+00:00,6.31,402.936321029809
2021-01-23 20:05:48.265000+00:00,6.27,402.858745175082
2021-01-23 20:05:48.269000+00:00,6.22,402.4900269911335
2021-01-23 20:05:48.273000+00:00,6.17,402.1542227196302
2021-01-23 20:05:48.277000+00:00,6.13,402.57302452893697
2021-01-23 20:05:48.281000+00:00,6.1,402.2330591360285
2021-01-23 20:05:48.285000+00:00,6.09,402.39636781655616
2021-01-23 20:05:48.289000+00:00,6.08,401.73668522865205
2021-01-23 20:05:48.293000+00:00,6.09,402.42723691615396
2021-01-23 20:05:48.297000+00:00,6.1,402.2413374781386
2021-01-23 20:05:48.301000+00:00,6.12,402.7187032603942
2021-01-23 20:05:48.305000+00:00,6.14,402.48239189156135
2021-01-23 20:05:48.309000+00:00,6.16,402.78608755221615
2021-01-23 20:05:48.313000+00:00,6.18,402.9370644703297
2021-01-23 20:05:48.317000+00:00,6.19,402.4978019076169
2021-01-23 20:05:48.321000+00:00,6.19,402.674220887673
2021-01-23 20:05:48.325000+00:00,6.2,402.8958133013156
2021-01-23 20:05:48.329000+00:00,6.2,403.0484638993237
2021-01-23 20:05:48.333000+00:00,6.2,400.9266745643569
2021-01-23 20:05:48.337000+00:00,6.2,402.6142724053386
2021-01-23 20:05:48.341000+00:00,6.2,402.07446291824243
2021-01-23 20:05:48.345000+00:00,6.2,402.7148796496534
2021-01-23 20:05:48.349000+00:00,6.19,402.861690444284
2021-01-23 20:05:48.353000+00:00,6.18,402.7515792235989
2021-01-23 20:05:48.357000+00:00,6.17,403.2438004502959
2021-01-23 20:05:48.361000+00:00,6.16,403.02784842337155
2021-01-23 20:05:48.365000+00:00,6.15,402.46175023852345
2021-01-23 20:05:48.369000+00:00,6.13,402.28253317852653
2021-01-23 20:05:48.373000+00:00,6.12,402.6771527272829
2021-01-23 20:05:48.377000+00:00,6.1,402.619450119645
2021-01-23 20:05:48.381000+00:00,6.07,402.9853058016009
2021-01-23 20:05:48.385000+00:00,6.04,402.3520751918142
2021-01-23 20:05:48.389000+00:00,6.01,403.02053059223806
2021-01-23 20:05:48.393000+00:00,5.97,402.700536667339
2021-01-23 20:05:48.397000+00:00,5.94,403.0492978195885
2021-01-23 20:05:48.401000+00:00,5.91,402.9532856751086
2021-01-23 20:05:48.405000+00:00,5.89,402.78763968299364
2021-01-23 20:05:48.409000+00:00,5.86,402.79327368664406
2021-01-23 20:05:48.413000+00:00,5.83,402.66336017519336
2021-01-23 20:05:48.417000+00:00,5.81,402.6301939995606
2021-01-23 20:05:48.421000+00:00,5.8,402.9916663107641
2021-01-23 20:05:48.425000+00:00,5.79,403.0002921881894
2021-01-23 20:05:48.429000+00:00,5.79,402.46123294854596
2021-01-23 20:05:48.433000+00:00,5.81,402.80172307626077
2021-01-23 20:05:48.437000+00:00,5.85,402.9567998579238
2021-01-23 20:05:48.441000+00:00,5.9,402.87784429633086
2021-01-23 20:05:48.445000+00:00,5.97,403.12499865746776
2021-01-23 20:05:48.449000+00:00,6.06,402.7569073808631
2021-01-23 20:05:48.453000+00:00,6.15,403.34039919272044
2021-01-23 20:05:48.457000+00:00,6.25,403.03454878962094
2021-01-23 20:05:48.461000+00:00,6.36,402.695535040538
2021-01-23 20:05:48.465000+00:00,6.47,403.32333077057467
2021-01-23 20:05:48.469000+00:00,6.58,404.66932921186253
2021-01-23 20:05:48.473000+00:00,6.71,402.71468811266146
2021-01-23 20:05:48.477000+00:00,6.84,402.65654205126515
2021-01-23 20:05:48.481000+00:00,6.98,402.8042451634605
2021-01-23 20:05:48.485000+00:00,7.11,402.6506173156945
2021-01-23 20:05:48.489000+00:00,7.25,402.31649217677784
2021-01-23 20:05:48.493000+00:00,7.38,402.4631134383676
2021-01-23 20:05:48.497000+00:00,7.53,403.07598306594156
2021-01-23 20:05:48.501000+00:00,7.67,402.7436968322444
2021-01-23 20:05:48.505000+00:00,7.83,402.8664544945213
2021-01-23 20:05:48.509000+00:00,7.99,402.9605691513986
2021-01-23 20:05:48.513000+00:00,8.17,404.21870981552814
2021-01-23 20:05:48.517000+00:00,8.35,402.3606176911321
2021-01-23 20:05:48.521000+00:00,8.54,402.7905757411817
2021-01-23 20:05:48.525000+00:00,8.75,402.25612996271894
2021-01-23 20:05:48.529000+00:00,8.97,402.40502328261437
2021-01-23 20:05:48.533000+00:00,9.19,402.47852709856545
2021-01-23 20:05:48.537000+00:00,9.43,402.7788169236002
2021-01-23 20:05:48.541000+00:00,9.67,402.66488571282866
2021-01-23 20:05:48.545000+00:00,9.92,403.13166681778057
2021-01-23 20:05:48.549000+00:00,10.19,402.632735363925
2021-01-23 20:05:48.553000+00:00,10.47,402.2407227505779
2021-01-23 20:05:48.557000+00:00,10.77,403.0111449985481
2021-01-23 20:05:48.561000+00:00,11.08,403.0101193628932
2021-01-23 20:05:48.565000+00:00,11.4,402.2679433944644
2021-01-23 20:05:48.569000+00:00,11.73,402.47456121464774
2021-01-23 20:05:48.573000+00:00,12.06,402.17936388588953
2021-01-23 20:05:48.577000+00:00,12.4,402.32675370838746
2021-01-23 20:05:48.581000+00:00,12.74,402.46501548610695
2021-01-23 20:05:48.585000+00:00,13.08,402.5488617416456
2021-01-23 20:05:48.589000+00:00,13.43,402.4756024973568
2021-01-23 20:05:48.593000+00:00,13.78,402.2174782911378
2021-01-23 20:05:48.597000+00:00,14.12,402.90003665453355
2021-01-23 20:05:48.601000+00:00,14.48,405.00411135726324
2021-01-23 20:05:48.605000+00:00,14.83,402.2008046839117
2021-01-23 20:05:48.609000+00:00,15.18,402.75311638435437
2021-01-23 20:05:48.613000+00:00,15.53,402.5259095398102
2021-01-23 20:05:48.617000+00:00,15.87,402.79769331745905
2021-01-23 20:05:48.621000+00:00,16.23,402.77233375149353
2021-01-23 20:05:48.625000+00:00,16.59,403.1141415265276
2021-01-23 20:05:48.629000+00:00,16.96,402.8226982591452
2021-01-23 20:05:48.633000+00:00,17.35,403.2856191367572
2021-01-23 20:05:48.637000+00:00,17.76,403.8852606438191
2021-01-23 20:05:48.641000+00:00,18.2,403.2300164437625
2021-01-23 20:05:48.645000+00:00,18.64,403.093320264413
2021-01-23 20:05:48.649000+00:00,19.1,402.2589302041686
2021-01-23 20:05:48.653000+00:00,19.55,403.88391512405263
2021-01-23 20:05:48.657000+00:00,20.0,403.92928707766043
2021-01-23 20:05:48.661000+00:00,20.44,403.6584644654066
2021-01-23 20:05:48.665000+00:00,20.86,403.7697849328448
2021-01-23 20:05:48.669000+00:00,21.26,404.2291192642604
2021-01-23 20:05:48.673000+00:00,21.65,404.3132279657305
2021-01-23 20:05:48.677000+00:00,22.02,404.4273744616827
2021-01-23 20:05:48.681000+00:00,22.39,405.354267131859
2021-01-23 20:05:48.685000+00:00,22.75,405.10996380554496
2021-01-23 20:05:48.689000+00:00,23.12,404.87944264043017
2021-01-23 20:05:48.693000+00:00,23.49,404.663594443771
2021-01-23 20:05:48.697000+00:00,23.88,406.21157588419686
2021-01-23 20:05:48.701000+00:00,24.28,406.0017653530745
2021-01-23 20:05:48.705000+00:00,24.7,405.965890692387
2021-01-23 20:05:48.709000+00:00,25.13,406.58104719946226
2021-01-23 20:05:48.713000+00:00,25.58,407.04183029313117
2021-01-23 20:05:48.717000+00:00,26.04,407.0029033447627
2021-01-23 20:05:48.721000+00:00,26.54,407.5321114110439
2021-01-23 20:05:48.725000+00:00,27.06,408.25656606103075
2021-01-23 20:05:48.729000+00:00,27.62,408.2724254338242
2021-01-23 20:05:48.733000+00:00,28.22,409.19978112575734
2021-01-23 20:05:48.737000+00:00,28.84,409.54601679659237
2021-01-23 20:05:48.741000+00:00,29.47,409.16338354353564
2021-01-23 20:05:48.745000+00:00,30.1,410.38875662582603
2021-01-23 20:05:48.749000+00:00,30.72,410.77551340819207
2021-01-23 20:05:48.753000+00:00,31.32,411.40722094907636
2021-01-23 20:05:48.757000+00:00,31.91,411.78287077135764
2021-01-23 20:05:48.761000+00:00,32.49,412.4132855924375
2021-01-23 20:05:48.765000+00:00,33.08,412.96566024918224
2021-01-23 20:05:48.769000+00:00,33.66,413.8591522442512
2021-01-23 20:05:48.773000+00:00,34.24,414.06525770916335
2021-01-23 20:05:48.777000+00:00,34.82,414.19131231025966
2021-01-23 20:05:48.781000+00:00,35.39,414.74596668339166
2021-01-23 20:05:48.785000+00:00,35.96,416.06743303980574
2021-01-23 20:05:48.789000+00:00,36.52,416.5394322866994
2021-01-23 20:05:48.793000+00:00,37.07,417.2193626161958
2021-01-23 20:05:48.797000+00:00,37.61,417.82506824615444
2021-01-23 20:05:48.801000+00:00,38.15,418.05792996384315
2021-01-23 20:05:48.805000+00:00,38.68,418.473963909671
2021-01-23 20:05:48.809000+00:00,39.22,419.20305523001616
2021-01-23 20:05:48.813000+00:00,39.76,419.71276655303006
2021-01-23 20:05:48.817000+00:00,40.3,419.9617407341556
2021-01-23 20:05:48.821000+00:00,40.83,420.5902791415788
2021-01-23 20:05:48.825000+00:00,41.36,421.8386067590168
2021-01-23 20:05:48.829000+00:00,41.87,422.2794449618157
2021-01-23 20:05:48.833000+00:00,42.36,422.36892153939414
2021-01-23 20:05:48.837000+00:00,42.84,423.14261994333185
2021-01-23 20:05:48.841000+00:00,43.31,423.1927390342639
2021-01-23 20:05:48.845000+00:00,43.76,423.6507695392087
2021-01-23 20:05:48.849000+00:00,44.21,424.4014494511547
2021-01-23 20:05:48.853000+00:00,44.65,424.6494044055204
2021-01-23 20:05:48.857000+00:00,45.09,425.174388148109
2021-01-23 20:05:48.861000+00:00,45.52,425.24737115786485
2021-01-23 20:05:48.865000+00:00,45.95,425.21951283162946
2021-01-23 20:05:48.869000+00:00,46.36,426.7471176209472
2021-01-23 20:05:48.873000+00:00,46.75,428.57558216270024
2021-01-23 20:05:48.877000+00:00,47.11,426.3150203252215
2021-01-23 20:05:48.881000+00:00,47.44,426.2866876950191
2021-01-23 20:05:48.885000+00:00,47.75,426.2842867352065
2021-01-23 20:05:48.889000+00:00,48.02,426.64297639993504
2021-01-23 20:05:48.893000+00:00,48.27,426.8195802497441
2021-01-23 20:05:48.897000+00:00,48.49,427.2784746224335
2021-01-23 20:05:48.901000+00:00,48.69,427.0750382023452
2021-01-23 20:05:48.905000+00:00,48.85,426.57845272960566
2021-01-23 20:05:48.909000+00:00,48.99,426.36426889970284
2021-01-23 20:05:48.913000+00:00,49.09,426.0554018832179
2021-01-23 20:05:48.917000+00:00,49.14,426.5102698154539
2021-01-23 20:05:48.921000+00:00,49.14,427.19810330307996
2021-01-23 20:05:48.925000+00:00,49.09,425.7214909616566
2021-01-23 20:05:48.929000+00:00,48.99,425.58718694704913
2021-01-23 20:05:48.933000+00:00,48.84,425.4612654738544
2021-01-23 20:05:48.937000+00:00,48.65,425.1794079434713
2021-01-23 20:05:48.941000+00:00,48.44,424.83392324547856
2021-01-23 20:05:48.945000+00:00,48.21,424.54158086467896
2021-01-23 20:05:48.949000+00:00,47.97,423.9003216144704
2021-01-23 20:05:48.953000+00:00,47.72,423.51328752610334
2021-01-23 20:05:48.957000+00:00,47.46,423.34355641019334
2021-01-23 20:05:48.961000+00:00,47.19,423.10796856081754
2021-01-23 20:05:48.965000+00:00,46.89,422.32410684874714
2021-01-23 20:05:48.969000+00:00,46.57,421.2482746024923
2021-01-23 20:05:48.973000+00:00,46.23,421.1551596726649
2021-01-23 20:05:48.977000+00:00,45.86,421.05130299583055
2021-01-23 20:05:48.981000+00:00,45.46,420.2149219090373
2021-01-23 20:05:48.985000+00:00,45.03,419.49014283986395
2021-01-23 20:05:48.989000+00:00,44.57,418.8998716601235
2021-01-23 20:05:48.993000+00:00,44.07,418.0978465191808
2021-01-23 20:05:48.997000+00:00,43.55,417.5240238314033
2021-01-23 20:05:49.001000+00:00,43.0,417.1621883964459
2021-01-23 20:05:49.005000+00:00,42.42,415.7808529473767
2021-01-23 20:05:49.009000+00:00,41.81,414.9322867264465
2021-01-23 20:05:49.013000+00:00,41.18,414.39061522167003
2021-01-23 20:05:49.017000+00:00,40.53,413.46094438434454
2021-01-23 20:05:49.021000+00:00,39.86,413.34448142076025
2021-01-23 20:05:49.025000+00:00,39.18,412.2521211609134
2021-01-23 20:05:49.029000+00:00,38.48,411.840599569639
2021-01-23 20:05:49.033000+00:00,37.77,411.17344718417087
2021-01-23 20:05:49.037000+00:00,37.05,410.69096414188016
2021-01-23 20:05:49.041000+00:00,36.31,410.1142832564165
2021-01-23 20:05:49.045000+00:00,35.56,409.1040331983998
2021-01-23 20:05:49.049000+00:00,34.79,408.1202392781398
2021-01-23 20:05:49.053000+00:00,34.0,407.2126557050337
2021-01-23 20:05:49.057000+00:00,33.19,406.8535059362393
2021-01-23 20:05:49.061000+00:00,32.37,406.6031912705169
2021-01-23 20:05:49.065000+00:00,31.52,406.6716303911838
2021-01-23 20:05:49.069000+00:00,30.67,406.4254446356704
2021-01-23 20:05:49.073000+00:00,29.8,406.2326838661348
2021-01-23 20:05:49.077000+00:00,28.93,406.053449723892
2021-01-23 20:05:49.081000+00:00,28.06,405.97980136645293
2021-01-23 20:05:49.085000+00:00,27.19,405.35463831296767
2021-01-23 20:05:49.089000+00:00,26.31,404.89671066094377
2021-01-23 20:05:49.093000+00:00,25.41,405.228744647168
2021-01-23 20:05:49.097000+00:00,24.51,404.47669663453473
2021-01-23 20:05:49.101000+00:00,23.58,404.1241606874584
2021-01-23 20:05:49.105000+00:00,22.65,404.1544911451695
2021-01-23 20:05:49.109000+00:00,21.71,403.8598903154094
2021-01-23 20:05:49.113000+00:00,20.76,403.2196577992336
2021-01-23 20:05:49.117000+00:00,19.83,403.53831212309166
2021-01-23 20:05:49.121000+00:00,18.91,403.6644299647112
2021-01-23 20:05:49.125000+00:00,18.0,403.69991540903294
2021-01-23 20:05:49.129000+00:00,17.09,403.83061932717845
2021-01-23 20:05:49.133000+00:00,16.18,403.86750795771434
2021-01-23 20:05:49.137000+00:00,15.26,404.3942368332604
2021-01-23 20:05:49.141000+00:00,14.33,404.1985778268691
2021-01-23 20:05:49.145000+00:00,13.38,404.3905392562057
2021-01-23 20:05:49.149000+00:00,12.42,404.3928234957371
2021-01-23 20:05:49.153000+00:00,11.46,403.86167146445985
2021-01-23 20:05:49.157000+00:00,10.49,404.22919067011287
2021-01-23 20:05:49.161000+00:00,9.53,404.24738685534334
2021-01-23 20:05:49.165000+00:00,8.57,404.2997729003616
2021-01-23 20:05:49.169000+00:00,7.62,404.245444818198
2021-01-23 20:05:49.173000+00:00,6.67,404.380276212835
2021-01-23 20:05:49.177000+00:00,5.74,404.55489509139187
2021-01-23 20:05:49.181000+00:00,4.82,404.13663324742106
2021-01-23 20:05:49.185000+00:00,3.91,405.04189496146364
2021-01-23 20:05:49.189000+00:00,3.03,405.00041102740636
2021-01-23 20:05:49.193000+00:00,2.17,404.7533338462806
2021-01-23 20:05:49.197000+00:00,1.33,404.60668092623814
2021-01-23 20:05:49.201000+00:00,0.53,404.32806324316164
2021-01-23 20:05:49.205000+00:00,-0.25,404.83246304446686
2021-01-23 20:05:49.209000+00:00,-0.98,404.9572339294568
2021-01-23 20:05:49.213000+00:00,-1.66,404.1997013280742
2021-01-23 20:05:49.217000+00:00,-2.3,404.52260978448317
2021-01-23 20:05:49.221000+00:00,-2.88,404.561016270213
2021-01-23 20:05:49.225000+00:00,-3.4,404.5518361265127
2021-01-23 20:05:49.229000+00:00,-3.87,404.73346743188733
2021-01-23 20:05:49.233000+00:00,-4.27,404.40309033829584
2021-01-23 20:05:49.237000+00:00,-4.6,404.34137940626727
2021-01-23 20:05:49.241000+00:00,-4.87,404.73634732741584
2021-01-23 20:05:49.245000+00:00,-5.06,404.80141000398606
2021-01-23 20:05:49.249000+00:00,-5.18,404.96532266504596
2021-01-23 20:05:49.253000+00:00,-5.24,404.5242673200363
2021-01-23 20:05:49.257000+00:00,-5.22,404.506305254298
2021-01-23 20:05:49.261000+00:00,-5.15,404.6338288790741
2021-01-23 20:05:49.265000+00:00,-5.03,404.3602046133567
2021-01-23 20:05:49.269000+00:00,-4.88,404.41126480855826
2021-01-23 20:05:49.273000+00:00,-4.69,404.9207532904123
2021-01-23 20:05:49.277000+00:00,-4.5,405.62155278231563
2021-01-23 20:05:49.281000+00:00,-4.32,405.35015655688983
2021-01-23 20:05:49.285000+00:00,-4.15,405.26060604855445
2021-01-23 20:05:49.289000+00:00,-4.02,405.0944341266822
2021-01-23 20:05:49.293000+00:00,-3.93,404.6969393590292
2021-01-23 20:05:49.297000+00:00,-3.88,404.7006403892142
2021-01-23 20:05:49.301000+00:00,-3.86,404.81848074228884
2021-01-23 20:05:49.305000+00:00,-3.87,404.8401007278272
2021-01-23 20:05:49.309000+00:00,-3.89,404.3884677778303
2021-01-23 20:05:49.313000+00:00,-3.89,404.5468415932027
2021-01-23 20:05:49.317000+00:00,-3.86,404.34397289148535
2021-01-23 20:05:49.321000+00:00,-3.78,404.5542959390026
2021-01-23 20:05:49.325000+00:00,-3.64,402.87762312053513
2021-01-23 20:05:49.329000+00:00,-3.45,403.1430735198931
2021-01-23 20:05:49.333000+00:00,-3.2,404.889277049931
2021-01-23 20:05:49.337000+00:00,-2.91,404.41701311170675
2021-01-23 20:05:49.341000+00:00,-2.57,404.2767305199275
2021-01-23 20:05:49.345000+00:00,-2.19,404.6233319149527
2021-01-23 20:05:49.349000+00:00,-1.78,404.5924440395346
2021-01-23 20:05:49.353000+00:00,-1.34,403.9133619183274
2021-01-23 20:05:49.357000+00:00,-0.88,404.29708545216545
2021-01-23 20:05:49.361000+00:00,-0.42,404.98624354012276
2021-01-23 20:05:49.365000+00:00,0.04,404.5872698398817
2021-01-23 20:05:49.369000+00:00,0.48,403.7191980976545
2021-01-23 20:05:49.373000+00:00,0.89,404.55426736971464
2021-01-23 20:05:49.377000+00:00,1.26,404.7395100169984
2021-01-23 20:05:49.381000+00:00,1.6,403.8486835375194
2021-01-23 20:05:49.385000+00:00,1.89,404.50548047265687
2021-01-23 20:05:49.389000+00:00,2.13,404.40982084118514
2021-01-23 20:05:49.393000+00:00,2.34,404.50611267475057
2021-01-23 20:05:49.397000+00:00,2.51,404.2671928949098
2021-01-23 20:05:49.401000+00:00,2.65,404.08021392131303
2021-01-23 20:05:49.405000+00:00,2.75,404.3592185262085
2021-01-23 20:05:49.409000+00:00,2.82,404.69865598060056
2021-01-23 20:05:49.413000+00:00,2.88,404.5995709806007
2021-01-23 20:05:49.417000+00:00,2.9,404.3027715077969
2021-01-23 20:05:49.421000+00:00,2.91,404.40823617654803
2021-01-23 20:05:49.425000+00:00,2.91,404.3737645224557
2021-01-23 20:05:49.429000+00:00,2.89,404.04446814356686
2021-01-23 20:05:49.433000+00:00,2.86,404.98497342730326
2021-01-23 20:05:49.437000+00:00,2.83,405.3896627096869
2021-01-23 20:05:49.441000+00:00,2.8,404.75031916451826
2021-01-23 20:05:49.445000+00:00,2.77,404.8149319696548
2021-01-23 20:05:49.449000+00:00,2.74,404.596319591097
2021-01-23 20:05:49.453000+00:00,2.71,404.416317578968
2021-01-23 20:05:49.457000+00:00,2.69,403.50241182678025
2021-01-23 20:05:49.461000+00:00,2.68,403.9201614537607
2021-01-23 20:05:49.465000+00:00,2.66,404.6367695986643
2021-01-23 20:05:49.469000+00:00,2.65,404.19822630018496
2021-01-23 20:05:49.473000+00:00,2.65,404.9256086083137
2021-01-23 20:05:49.477000+00:00,2.64,404.30126393259474
2021-01-23 20:05:49.481000+00:00,2.64,403.9448265263267
2021-01-23 20:05:49.485000+00:00,2.63,405.1408385918929
2021-01-23 20:05:49.489000+00:00,2.63,404.57839169827537
2021-01-23 20:05:49.493000+00:00,2.63,404.41371464837766
2021-01-23 20:05:49.497000+00:00,2.63,404.21469735691505
2021-01-23 20:05:49.501000+00:00,2.64,406.1891946085781
2021-01-23 20:05:49.505000+00:00,2.67,407.9830901273265
2021-01-23 20:05:49.509000+00:00,2.72,404.8503538348365
2021-01-23 20:05:49.513000+00:00,2.78,404.2399945868073
2021-01-23 20:05:49.517000+00:00,2.85,404.4834386715014
2021-01-23 20:05:49.521000+00:00,2.91,403.96550102495246
2021-01-23 20:05:49.525000+00:00,2.97,404.3840119497127
2021-01-23 20:05:49.529000+00:00,3.01,404.44062866796554
2021-01-23 20:05:49.533000+00:00,3.06,404.3104028610526
2021-01-23 20:05:49.537000+00:00,3.09,404.9811853320195
2021-01-23 20:05:49.541000+00:00,3.13,404.31568272460726
2021-01-23 20:05:49.545000+00:00,3.17,403.57573521620515
2021-01-23 20:05:49.549000+00:00,3.21,404.3581007449942
2021-01-23 20:05:49.553000+00:00,3.26,404.56787930199175
2021-01-23 20:05:49.557000+00:00,3.32,404.61026391564434
2021-01-23 20:05:49.561000+00:00,3.38,404.52376387780936
2021-01-23 20:05:49.565000+00:00,3.45,404.38507244934016
2021-01-23 20:05:49.569000+00:00,3.52,404.62182716842005
2021-01-23 20:05:49.573000+00:00,3.59,404.3921210513759
2021-01-23 20:05:49.577000+00:00,3.64,404.5865966650957
2021-01-23 20:05:49.581000+00:00,3.68,404.7717357312257
2021-01-23 20:05:49.585000+00:00,3.69,404.8004399914088
2021-01-23 20:05:49.589000+00:00,3.68,404.7592031455175
2021-01-23 20:05:49.593000+00:00,3.66,404.435455127135
2021-01-23 20:05:49.597000+00:00,3.63,404.886891379162
2021-01-23 20:05:49.601000+00:00,3.6,404.93326590378047
2021-01-23 20:05:49.605000+00:00,3.56,404.5084127929229
2021-01-23 20:05:49.609000+00:00,3.52,404.42513386232736
2021-01-23 20:05:49.613000+00:00,3.49,404.2570822769744
2021-01-23 20:05:49.617000+00:00,3.46,404.3983189181845
2021-01-23 20:05:49.621000+00:00,3.44,404.50066038748116
2021-01-23 20:05:49.625000+00:00,3.42,404.5737839068925
2021-01-23 20:05:49.629000+00:00,3.38,404.4708710657413
2021-01-23 20:05:49.633000+00:00,3.33,404.92091050757597
2021-01-23 20:05:49.637000+00:00,3.27,404.9781882310918
2021-01-23 20:05:49.641000+00:00,3.21,404.0748540308806
2021-01-23 20:05:49.645000+00:00,3.16,404.7636209118258
2021-01-23 20:05:49.649000+00:00,3.12,404.8039989681598
2021-01-23 20:05:49.653000+00:00,3.09,404.3064452789639
2021-01-23 20:05:49.657000+00:00,3.07,404.74198036078576
2021-01-23 20:05:49.661000+00:00,3.06,404.5234696138753
2021-01-23 20:05:49.665000+00:00,3.06,404.55593317273656
2021-01-23 20:05:49.669000+00:00,3.07,404.78829676316036
2021-01-23 20:05:49.673000+00:00,3.08,404.46282392402054
2021-01-23 20:05:49.677000+00:00,3.11,404.7189960849618
2021-01-23 20:05:49.681000+00:00,3.13,403.47487257304226
2021-01-23 20:05:49.685000+00:00,3.16,402.10669735976717
2021-01-23 20:05:49.689000+00:00,3.2,403.7604992701501
2021-01-23 20:05:49.693000+00:00,3.24,404.52242608676903
2021-01-23 20:05:49.697000+00:00,3.3,404.3525226065776
2021-01-23 20:05:49.701000+00:00,3.36,404.7369507933166
2021-01-23 20:05:49.705000+00:00,3.43,404.48850519180974
2021-01-23 20:05:49.709000+00:00,3.5,404.4000399898338
2021-01-23 20:05:49.713000+00:00,3.55,404.6347010594908
2021-01-23 20:05:49.717000+00:00,3.6,404.2932457389148
2021-01-23 20:05:49.721000+00:00,3.62,404.4072883581552
2021-01-23 20:05:49.725000+00:00,3.62,405.45812726079123
2021-01-23 20:05:49.729000+00:00,3.6,405.29206229663106
2021-01-23 20:05:49.733000+00:00,3.57,404.5368162946209
2021-01-23 20:05:49.737000+00:00,3.52,404.93224408265775
2021-01-23 20:05:49.741000+00:00,3.46,404.7556323538475
2021-01-23 20:05:49.745000+00:00,3.41,404.56322022532584
2021-01-23 20:05:49.749000+00:00,3.35,404.62300288268085
2021-01-23 20:05:49.753000+00:00,3.29,404.54321982427587
2021-01-23 20:05:49.757000+00:00,3.22,404.5016772129286
2021-01-23 20:05:49.761000+00:00,3.15,404.46228473129554
2021-01-23 20:05:49.765000+00:00,3.08,404.39201430549275
2021-01-23 20:05:49.769000+00:00,3.0,405.72232295181095
2021-01-23 20:05:49.773000+00:00,2.93,405.3136019185256
2021-01-23 20:05:49.777000+00:00,2.88,403.9282298788607
2021-01-23 20:05:49.781000+00:00,2.83,404.7873101954801
2021-01-23 20:05:49.785000+00:00,2.81,404.69778070896115
2021-01-23 20:05:49.789000+00:00,2.8,404.24567888146623
2021-01-23 20:05:49.793000+00:00,2.8,403.88611516214326
2021-01-23 20:05:49.797000+00:00,2.81,404.00863386597024
2021-01-23 20:05:49.801000+00:00,2.83,404.06713596668834
2021-01-23 20:05:49.805000+00:00,2.85,404.0252628745619
2021-01-23 20:05:49.809000+00:00,2.88,404.4875057041126
2021-01-23 20:05:49.813000+00:00,2.91,404.64922921353235
2021-01-23 20:05:49.817000+00:00,2.93,404.78805033088497
2021-01-23 20:05:49.821000+00:00,2.95,404.622438506265
2021-01-23 20:05:49.825000+00:00,2.97,404.347518103191
2021-01-23 20:05:49.829000+00:00,2.99,404.4327670457634
2021-01-23 20:05:49.833000+00:00,3.01,404.3085475313579
2021-01-23 20:05:49.837000+00:00,3.04,404.13793095728033
2021-01-23 20:05:49.841000+00:00,3.07,404.42229268738043
2021-01-23 20:05:49.845000+00:00,3.11,404.49986071893153
2021-01-23 20:05:49.849000+00:00,3.16,404.25497267938545
2021-01-23 20:05:49.853000+00:00,3.2,404.30044693863584
2021-01-23 20:05:49.857000+00:00,3.25,404.06033764488103
2021-01-23 20:05:49.861000+00:00,3.31,404.75273706753256
2021-01-23 20:05:49.865000+00:00,3.37,404.3327226265444
2021-01-23 20:05:49.869000+00:00,3.46,404.0936418969684
2021-01-23 20:05:49.873000+00:00,3.58,404.2135643927533
2021-01-23 20:05:49.877000+00:00,3.71,403.9749754699654
2021-01-23 20:05:49.881000+00:00,3.86,404.5502118642579
2021-01-23 20:05:49.885000+00:00,4.03,404.42295961275437
2021-01-23 20:05:49.889000+00:00,4.22,404.4515165935256
2021-01-23 20:05:49.893000+00:00,4.44,404.12814702648956
2021-01-23 20:05:49.897000+00:00,4.68,403.9820443119366
2021-01-23 20:05:49.901000+00:00,4.93,403.691120475514
2021-01-23 20:05:49.905000+00:00,5.2,405.23261748185547
2021-01-23 20:05:49.909000+00:00,5.47,404.9880230769311
2021-01-23 20:05:49.913000+00:00,5.74,403.83531213423896
2021-01-23 20:05:49.917000+00:00,6.02,404.203802590772
2021-01-23 20:05:49.921000+00:00,6.31,403.8688201990344
2021-01-23 20:05:49.925000+00:00,6.61,404.0745878243689
2021-01-23 20:05:49.929000+00:00,6.91,403.7648839356121
2021-01-23 20:05:49.933000+00:00,7.22,403.6539212387382
2021-01-23 20:05:49.937000+00:00,7.55,403.8974874927611
2021-01-23 20:05:49.941000+00:00,7.88,403.8302103202546
2021-01-23 20:05:49.945000+00:00,8.23,403.9034554779552
2021-01-23 20:05:49.949000+00:00,8.59,404.3114823581982
2021-01-23 20:05:49.953000+00:00,8.96,403.58543080662446
2021-01-23 20:05:49.957000+00:00,9.35,403.5488116040183
2021-01-23 20:05:49.961000+00:00,9.74,403.9663731356206
2021-01-23 20:05:49.965000+00:00,10.15,403.53970400993643
2021-01-23 20:05:49.969000+00:00,10.56,403.4872316945954
2021-01-23 20:05:49.973000+00:00,10.99,403.54740860473373
2021-01-23 20:05:49.977000+00:00,11.42,403.60472631164396
2021-01-23 20:05:49.981000+00:00,11.86,402.87417848984575
2021-01-23 20:05:49.985000+00:00,12.3,402.5720393121319
2021-01-23 20:05:49.989000+00:00,12.75,402.8660151793216
2021-01-23 20:05:49.993000+00:00,13.21,402.7597657523548
2021-01-23 20:05:49.997000+00:00,13.68,403.64354189805624
2021-01-23 20:05:50.001000+00:00,14.17,403.23568033372817
2021-01-23 20:05:50.005000+00:00,14.68,402.4168484422205
2021-01-23 20:05:50.009000+00:00,15.22,403.27956441802337
2021-01-23 20:05:50.013000+00:00,15.79,403.36028488429974
2021-01-23 20:05:50.017000+00:00,16.38,403.31551301804933
2021-01-23 20:05:50.021000+00:00,16.99,403.56921702682854
2021-01-23 20:05:50.025000+00:00,17.62,404.1378404942487
2021-01-23 20:05:50.029000+00:00,18.27,405.31576182151184
2021-01-23 20:05:50.033000+00:00,18.95,406.1728878980058
2021-01-23 20:05:50.037000+00:00,19.65,406.28058490522324
2021-01-23 20:05:50.041000+00:00,20.37,407.990367541331
2021-01-23 20:05:50.045000+00:00,21.11,408.2557630386583
2021-01-23 20:05:50.049000+00:00,21.84,407.97913270353996
2021-01-23 20:05:50.053000+00:00,22.56,408.67383049160463
2021-01-23 20:05:50.057000+00:00,23.27,409.3264900180631
2021-01-23 20:05:50.061000+00:00,23.98,410.69365727692724
2021-01-23 20:05:50.065000+00:00,24.71,411.5760423370807
2021-01-23 20:05:50.069000+00:00,25.48,412.36997145582956
2021-01-23 20:05:50.073000+00:00,26.32,412.79239472345887
2021-01-23 20:05:50.077000+00:00,27.22,414.09834198886716
2021-01-23 20:05:50.081000+00:00,28.18,415.2922888261017
2021-01-23 20:05:50.085000+00:00,29.17,415.540811344243
2021-01-23 20:05:50.089000+00:00,30.19,415.8810021857126
2021-01-23 20:05:50.093000+00:00,31.22,416.5477496585787
2021-01-23 20:05:50.097000+00:00,32.27,417.6187223984949
2021-01-23 20:05:50.101000+00:00,33.34,418.24842323878624
2021-01-23 20:05:50.105000+00:00,34.43,418.71991919493803
2021-01-23 20:05:50.109000+00:00,35.52,419.2923651152356
2021-01-23 20:05:50.113000+00:00,36.62,419.8043036022813
2021-01-23 20:05:50.117000+00:00,37.71,420.5201528675756
2021-01-23 20:05:50.121000+00:00,38.8,420.6478818769231
2021-01-23 20:05:50.125000+00:00,39.89,421.5954422662331
2021-01-23 20:05:50.129000+00:00,40.95,422.00322266000165
2021-01-23 20:05:50.133000+00:00,41.99,422.8376268583261
2021-01-23 20:05:50.137000+00:00,42.99,423.9673599684311
2021-01-23 20:05:50.141000+00:00,43.94,424.13926776471106
2021-01-23 20:05:50.145000+00:00,44.84,424.9116040232182
2021-01-23 20:05:50.149000+00:00,45.69,425.63532955180295
2021-01-23 20:05:50.153000+00:00,46.49,426.36077784385895
2021-01-23 20:05:50.157000+00:00,47.25,426.56427151400703
2021-01-23 20:05:50.161000+00:00,47.98,427.1001082575439
2021-01-23 20:05:50.165000+00:00,48.68,428.0176575747883
2021-01-23 20:05:50.169000+00:00,49.36,428.3460260751623
2021-01-23 20:05:50.173000+00:00,50.0,428.4382717568165
2021-01-23 20:05:50.177000+00:00,50.62,429.08085599816366
2021-01-23 20:05:50.181000+00:00,51.2,429.46006585145767
2021-01-23 20:05:50.185000+00:00,51.76,429.8629341530419
2021-01-23 20:05:50.189000+00:00,52.29,430.42617728759916
2021-01-23 20:05:50.193000+00:00,52.79,430.5738726286179
2021-01-23 20:05:50.197000+00:00,53.27,430.5806485639578
2021-01-23 20:05:50.201000+00:00,53.71,430.7482012739105
2021-01-23 20:05:50.205000+00:00,54.12,431.04479506611096
2021-01-23 20:05:50.209000+00:00,54.49,431.1025507695118
2021-01-23 20:05:50.213000+00:00,54.83,431.1281354719689
2021-01-23 20:05:50.217000+00:00,55.13,431.03800869290876
2021-01-23 20:05:50.221000+00:00,55.41,432.638986133784
2021-01-23 20:05:50.225000+00:00,55.66,432.77534423978244
2021-01-23 20:05:50.229000+00:00,55.89,431.55189676590663
2021-01-23 20:05:50.233000+00:00,56.09,431.4886204825768
2021-01-23 20:05:50.237000+00:00,56.25,431.5711881636661
2021-01-23 20:05:50.241000+00:00,56.38,431.9172596466318
2021-01-23 20:05:50.245000+00:00,56.46,431.47423559891877
2021-01-23 20:05:50.249000+00:00,56.5,431.3110208811522
2021-01-23 20:05:50.253000+00:00,56.52,431.0897424031117
2021-01-23 20:05:50.257000+00:00,56.52,430.729747021402
2021-01-23 20:05:50.261000+00:00,56.5,430.5850545214568
2021-01-23 20:05:50.265000+00:00,56.47,432.873742654427
2021-01-23 20:05:50.269000+00:00,56.43,431.7295089437448
2021-01-23 20:05:50.273000+00:00,56.36,429.5038660995939
2021-01-23 20:05:50.277000+00:00,56.25,429.8595555917857
2021-01-23 20:05:50.281000+00:00,56.09,429.03558345725156
2021-01-23 20:05:50.285000+00:00,55.87,428.06687300266844
2021-01-23 20:05:50.289000+00:00,55.6,427.4965139907994
2021-01-23 20:05:50.293000+00:00,55.26,426.92307103413395
2021-01-23 20:05:50.297000+00:00,54.86,426.0136018726642
2021-01-23 20:05:50.301000+00:00,54.41,425.0249214752085
2021-01-23 20:05:50.305000+00:00,53.9,424.31791222650116
2021-01-23 20:05:50.309000+00:00,53.35,423.7410296187865
2021-01-23 20:05:50.313000+00:00,52.75,422.70516929835225
2021-01-23 20:05:50.317000+00:00,52.12,421.98229318780386
2021-01-23 20:05:50.321000+00:00,51.46,421.3176579504319
2021-01-23 20:05:50.325000+00:00,50.79,420.259875010468
2021-01-23 20:05:50.329000+00:00,50.09,419.50124200769557
2021-01-23 20:05:50.333000+00:00,49.37,418.5479569587493
2021-01-23 20:05:50.337000+00:00,48.61,417.5429301573069
2021-01-23 20:05:50.341000+00:00,47.81,416.2219224120228
2021-01-23 20:05:50.345000+00:00,46.96,415.70778019460164
2021-01-23 20:05:50.349000+00:00,46.06,414.88135680957043
2021-01-23 20:05:50.353000+00:00,45.1,414.090792567116
2021-01-23 20:05:50.357000+00:00,44.09,412.3866729219648
2021-01-23 20:05:50.361000+00:00,43.04,411.77611574502447
2021-01-23 20:05:50.365000+00:00,41.97,411.6984640979372
2021-01-23 20:05:50.369000+00:00,40.88,410.41482786322644
2021-01-23 20:05:50.373000+00:00,39.79,410.0790244491567
2021-01-23 20:05:50.377000+00:00,38.71,409.33547434014616
2021-01-23 20:05:50.381000+00:00,37.63,408.29667819025804
2021-01-23 20:05:50.385000+00:00,36.55,407.85461289882124
2021-01-23 20:05:50.389000+00:00,35.47,407.4208702144565
2021-01-23 20:05:50.393000+00:00,34.38,406.42430624335225
2021-01-23 20:05:50.397000+00:00,33.3,406.4819048121339
2021-01-23 20:05:50.401000+00:00,32.22,405.6376745081116
2021-01-23 20:05:50.405000+00:00,31.15,405.18579715541927
2021-01-23 20:05:50.409000+00:00,30.1,405.23513687021074
2021-01-23 20:05:50.413000+00:00,29.07,404.40085536373726
2021-01-23 20:05:50.417000+00:00,28.05,404.6542416748401
2021-01-23 20:05:50.421000+00:00,27.06,404.84617793690217
2021-01-23 20:05:50.425000+00:00,26.07,404.58984657755065
2021-01-23 20:05:50.429000+00:00,25.09,404.2312357528948
2021-01-23 20:05:50.433000+00:00,24.1,404.1188104108698
2021-01-23 20:05:50.437000+00:00,23.12,403.8759226036257
2021-01-23 20:05:50.441000+00:00,22.13,404.35269917462693
2021-01-23 20:05:50.445000+00:00,21.14,402.7068806978659
2021-01-23 20:05:50.449000+00:00,20.15,403.21337803390895
2021-01-23 20:05:50.453000+00:00,19.17,404.4148071664977
2021-01-23 20:05:50.457000+00:00,18.19,404.2361933000997
2021-01-23 20:05:50.461000+00:00,17.21,404.5732196331028
2021-01-23 20:05:50.465000+00:00,16.22,404.50452816748856
2021-01-23 20:05:50.469000+00:00,15.21,404.30626769694265
2021-01-23 20:05:50.473000+00:00,14.19,404.8145911271203
2021-01-23 20:05:50.477000+00:00,13.16,404.8796941130649
2021-01-23 20:05:50.481000+00:00,12.1,404.49973316767813
2021-01-23 20:05:50.485000+00:00,11.03,404.6899118995943
2021-01-23 20:05:50.489000+00:00,9.96,404.80966323987667
2021-01-23 20:05:50.493000+00:00,8.88,404.41722611074493
2021-01-23 20:05:50.497000+00:00,7.79,404.7968220816972
2021-01-23 20:05:50.501000+00:00,6.72,404.9028006028103
2021-01-23 20:05:50.505000+00:00,5.66,404.3998396150491
2021-01-23 20:05:50.509000+00:00,4.62,404.75660436069757
2021-01-23 20:05:50.513000+00:00,3.61,404.71916786691065
2021-01-23 20:05:50.517000+00:00,2.63,404.7356483909827
2021-01-23 20:05:50.521000+00:00,1.67,405.06411297457345
2021-01-23 20:05:50.525000+00:00,0.74,404.5992986278677
2021-01-23 20:05:50.529000+00:00,-0.16,404.3626362768357
2021-01-23 20:05:50.533000+00:00,-1.01,404.37844952613085
2021-01-23 20:05:50.537000+00:00,-1.82,404.60173790252975
2021-01-23 20:05:50.541000+00:00,-2.56,404.6481543546049
2021-01-23 20:05:50.545000+00:00,-3.23,404.1374306773763
2021-01-23 20:05:50.549000+00:00,-3.81,404.08027572892377
2021-01-23 20:05:50.553000+00:00,-4.3,404.807059039273
2021-01-23 20:05:50.557000+00:00,-4.71,404.4662801811346
2021-01-23 20:05:50.561000+00:00,-5.02,404.21841102161625
2021-01-23 20:05:50.565000+00:00,-5.22,404.6950370523757
2021-01-23 20:05:50.569000+00:00,-5.33,404.3473928887332
2021-01-23 20:05:50.573000+00:00,-5.32,404.36996646794057
2021-01-23 20:05:50.577000+00:00,-5.22,404.5080467320333
2021-01-23 20:05:50.581000+00:00,-5.02,405.0498198007016
2021-01-23 20:05:50.585000+00:00,-4.72,403.94465756453235
2021-01-23 20:05:50.589000+00:00,-4.35,403.9588528847017
2021-01-23 20:05:50.593000+00:00,-3.9,404.4955602344329
2021-01-23 20:05:50.597000+00:00,-3.41,403.4581692026987
2021-01-23 20:05:50.601000+00:00,-2.88,403.8586998532094
2021-01-23 20:05:50.605000+00:00,-2.34,404.1543674608943
2021-01-23 20:05:50.609000+00:00,-1.8,403.95761018001315
2021-01-23 20:05:50.613000+00:00,-1.26,404.0506803341299
2021-01-23 20:05:50.617000+00:00,-0.75,404.2536734549875
2021-01-23 20:05:50.621000+00:00,-0.26,404.2797479615139
2021-01-23 20:05:50.625000+00:00,0.2,404.7016214435472
2021-01-23 20:05:50.629000+00:00,0.62,401.25925553932433
2021-01-23 20:05:50.633000+00:00,0.99,402.3715213035992
2021-01-23 20:05:50.637000+00:00,1.31,404.13339828807494
2021-01-23 20:05:50.641000+00:00,1.56,403.73455706316565
2021-01-23 20:05:50.645000+00:00,1.75,403.6502011753733
2021-01-23 20:05:50.649000+00:00,1.86,403.32685303263355
2021-01-23 20:05:50.653000+00:00,1.92,403.33275309357555
2021-01-23 20:05:50.657000+00:00,1.93,403.12550825221484
2021-01-23 20:05:50.661000+00:00,1.92,403.83784063363896
2021-01-23 20:05:50.665000+00:00,1.91,403.8772697823883
2021-01-23 20:05:50.669000+00:00,1.91,403.75540958463296
2021-01-23 20:05:50.673000+00:00,1.95,404.1341687424985
2021-01-23 20:05:50.677000+00:00,2.04,403.6721252666309
2021-01-23 20:05:50.681000+00:00,2.18,403.52804752395383
2021-01-23 20:05:50.685000+00:00,2.38,403.61472686776256
2021-01-23 20:05:50.689000+00:00,2.64,403.6097192573744
2021-01-23 20:05:50.693000+00:00,2.95,403.484063815241
2021-01-23 20:05:50.697000+00:00,3.3,403.2649556280681
2021-01-23 20:05:50.701000+00:00,3.68,403.5773617338375
2021-01-23 20:05:50.705000+00:00,4.09,403.21003931463986
2021-01-23 20:05:50.709000+00:00,4.5,403.3711317676534
2021-01-23 20:05:50.713000+00:00,4.91,403.05905149841766
2021-01-23 20:05:50.717000+00:00,5.31,405.6554526704135
2021-01-23 20:05:50.721000+00:00,5.7,404.4887843789113
2021-01-23 20:05:50.725000+00:00,6.07,403.26357801071595
2021-01-23 20:05:50.729000+00:00,6.4,403.546847723735
2021-01-23 20:05:50.733000+00:00,6.7,403.58015189029135
2021-01-23 20:05:50.737000+00:00,6.95,403.44917948810263
2021-01-23 20:05:50.741000+00:00,7.15,403.4930216304086
2021-01-23 20:05:50.745000+00:00,7.31,403.23972403483344
2021-01-23 20:05:50.749000+00:00,7.42,402.9976867248229
2021-01-23 20:05:50.753000+00:00,7.5,403.0038956734156
2021-01-23 20:05:50.757000+00:00,7.55,403.05239260606027
2021-01-23 20:05:50.761000+00:00,7.57,403.6378884121766
2021-01-23 20:05:50.765000+00:00,7.58,402.2275066504185
2021-01-23 20:05:50.769000+00:00,7.59,402.8772361315942
2021-01-23 20:05:50.773000+00:00,7.59,403.8740970392336
2021-01-23 20:05:50.777000+00:00,7.61,403.6476444227364
2021-01-23 20:05:50.781000+00:00,7.64,403.53621651493137
2021-01-23 20:05:50.785000+00:00,7.67,403.37287779004754
2021-01-23 20:05:50.789000+00:00,7.72,403.1553384695362
2021-01-23 20:05:50.793000+00:00,7.77,403.02335307077556
2021-01-23 20:05:50.797000+00:00,7.81,403.0724533871349
2021-01-23 20:05:50.801000+00:00,7.85,403.9516159762984
2021-01-23 20:05:50.805000+00:00,7.87,401.5852667172002
2021-01-23 20:05:50.809000+00:00,7.88,402.34750097264003
2021-01-23 20:05:50.813000+00:00,7.88,403.48354778001294
2021-01-23 20:05:50.817000+00:00,7.88,403.2239976284673
2021-01-23 20:05:50.821000+00:00,7.88,403.5106725275205
2021-01-23 20:05:50.825000+00:00,7.87,403.6390312156068
2021-01-23 20:05:50.829000+00:00,7.86,402.92599212748183
2021-01-23 20:05:50.833000+00:00,7.85,403.1945438776324
2021-01-23 20:05:50.837000+00:00,7.82,403.3618857871868
2021-01-23 20:05:50.841000+00:00,7.79,403.42128094195294
2021-01-23 20:05:50.845000+00:00,7.76,403.4831220614343
2021-01-23 20:05:50.849000+00:00,7.72,403.32296589486566
2021-01-23 20:05:50.853000+00:00,7.69,404.85389748043684
2021-01-23 20:05:50.857000+00:00,7.65,403.9895969423715
2021-01-23 20:05:50.861000+00:00,7.62,402.98495464681093
2021-01-23 20:05:50.865000+00:00,7.58,403.9023456764369
2021-01-23 20:05:50.869000+00:00,7.54,401.66719630788634
2021-01-23 20:05:50.873000+00:00,7.5,402.5401586427076
2021-01-23 20:05:50.877000+00:00,7.46,404.5717142972609
2021-01-23 20:05:50.881000+00:00,7.42,403.97436508275064
2021-01-23 20:05:50.885000+00:00,7.37,404.01323002278906
2021-01-23 20:05:50.889000+00:00,7.32,403.28733189836106
2021-01-23 20:05:50.893000+00:00,7.25,403.8530341528201
2021-01-23 20:05:50.897000+00:00,7.17,401.53888287636954
2021-01-23 20:05:50.901000+00:00,7.07,402.89132630737
2021-01-23 20:05:50.905000+00:00,6.97,404.3805490304025
2021-01-23 20:05:50.909000+00:00,6.87,403.61253424936746
2021-01-23 20:05:50.913000+00:00,6.78,403.1594431231999
2021-01-23 20:05:50.917000+00:00,6.71,404.14057601635795
2021-01-23 20:05:50.921000+00:00,6.65,403.7777391882173
2021-01-23 20:05:50.925000+00:00,6.58,403.90455156526974
2021-01-23 20:05:50.929000+00:00,6.49,403.61784717108065
2021-01-23 20:05:50.933000+00:00,6.36,403.78477126536535
2021-01-23 20:05:50.937000+00:00,6.19,403.7627730938219
2021-01-23 20:05:50.941000+00:00,5.98,403.80087439466223
2021-01-23 20:05:50.945000+00:00,5.74,403.52331160876804
2021-01-23 20:05:50.949000+00:00,5.49,403.9012187431212
2021-01-23 20:05:50.953000+00:00,5.26,403.74564851656123
2021-01-23 20:05:50.957000+00:00,5.05,404.1024352928183
2021-01-23 20:05:50.961000+00:00,4.89,403.8448064490979
2021-01-23 20:05:50.965000+00:00,4.77,403.8031385971981
2021-01-23 20:05:50.969000+00:00,4.69,403.9818129553433
2021-01-23 20:05:50.973000+00:00,4.65,404.0973783137604
2021-01-23 20:05:50.977000+00:00,4.62,403.98507642873284
2021-01-23 20:05:50.981000+00:00,4.61,404.2381870772952
2021-01-23 20:05:50.985000+00:00,4.61,403.5240627802387
2021-01-23 20:05:50.989000+00:00,4.6,403.4120196226951
2021-01-23 20:05:50.993000+00:00,4.58,404.01889690187664
2021-01-23 20:05:50.997000+00:00,4.56,404.08304910292867
2021-01-23 20:05:51.001000+00:00,4.52,404.34800078939196
2021-01-23 20:05:51.005000+00:00,4.48,404.23779374030147
2021-01-23 20:05:51.009000+00:00,4.44,404.376654632826
2021-01-23 20:05:51.013000+00:00,4.39,404.0670260359785
2021-01-23 20:05:51.017000+00:00,4.35,403.6995815909076
2021-01-23 20:05:51.021000+00:00,4.3,403.93911936648095
2021-01-23 20:05:51.025000+00:00,4.25,404.946878497284
2021-01-23 20:05:51.029000+00:00,4.2,403.02494365970324
2021-01-23 20:05:51.033000+00:00,4.16,403.62793162596006
2021-01-23 20:05:51.037000+00:00,4.12,404.51489168166
2021-01-23 20:05:51.041000+00:00,4.09,404.19348677828555
2021-01-23 20:05:51.045000+00:00,4.07,404.4629034171715
2021-01-23 20:05:51.049000+00:00,4.07,404.77089220917605
2021-01-23 20:05:51.053000+00:00,4.07,404.16644441639806
2021-01-23 20:05:51.057000+00:00,4.07,404.55056639853007
2021-01-23 20:05:51.061000+00:00,4.08,404.62356127351154
2021-01-23 20:05:51.065000+00:00,4.08,404.1938270625661
2021-01-23 20:05:51.069000+00:00,4.05,404.584766572086
2021-01-23 20:05:51.073000+00:00,4.01,404.6864844957585
2021-01-23 20:05:51.077000+00:00,3.94,404.1916727766224
2021-01-23 20:05:51.081000+00:00,3.87,403.4629856300103
2021-01-23 20:05:51.085000+00:00,3.79,404.4244326581493
2021-01-23 20:05:51.089000+00:00,3.73,404.78604904708317
2021-01-23 20:05:51.093000+00:00,3.68,404.5275923292181
2021-01-23 20:05:51.097000+00:00,3.65,404.4372245173636
2021-01-23 20:05:51.101000+00:00,3.64,404.2285835036543
2021-01-23 20:05:51.105000+00:00,3.65,404.31289150777343
2021-01-23 20:05:51.109000+00:00,3.68,404.6753622446943
2021-01-23 20:05:51.113000+00:00,3.71,404.5313681596684
2021-01-23 20:05:51.117000+00:00,3.75,404.7439953190255
2021-01-23 20:05:51.121000+00:00,3.8,405.31451946235273
2021-01-23 20:05:51.125000+00:00,3.84,404.6936422632397
2021-01-23 20:05:51.129000+00:00,3.88,404.32586317260456
2021-01-23 20:05:51.133000+00:00,3.91,404.1051323444651
2021-01-23 20:05:51.137000+00:00,3.95,404.4057497336971
2021-01-23 20:05:51.141000+00:00,3.98,404.5212779627616
2021-01-23 20:05:51.145000+00:00,4.01,404.5032887498417
2021-01-23 20:05:51.149000+00:00,4.04,404.4655670378722
2021-01-23 20:05:51.153000+00:00,4.08,404.7637878407509
2021-01-23 20:05:51.157000+00:00,4.13,404.5416852499967
2021-01-23 20:05:51.161000+00:00,4.19,404.1323696728395
2021-01-23 20:05:51.165000+00:00,4.26,404.89947774564985
2021-01-23 20:05:51.169000+00:00,4.35,405.13411918418353
2021-01-23 20:05:51.173000+00:00,4.45,404.4374582699163
2021-01-23 20:05:51.177000+00:00,4.56,404.19304752219034
2021-01-23 20:05:51.181000+00:00,4.69,404.1889674534723
2021-01-23 20:05:51.185000+00:00,4.84,404.2956599943017
2021-01-23 20:05:51.189000+00:00,5.01,404.1537838435941
2021-01-23 20:05:51.193000+00:00,5.21,404.0645000103146
2021-01-23 20:05:51.197000+00:00,5.42,404.2773707759094
2021-01-23 20:05:51.201000+00:00,5.64,404.2061441766745
2021-01-23 20:05:51.205000+00:00,5.87,404.4128513244392
2021-01-23 20:05:51.209000+00:00,6.1,404.5356613348762
2021-01-23 20:05:51.213000+00:00,6.34,403.64046075842515
2021-01-23 20:05:51.217000+00:00,6.59,403.77182778294343
2021-01-23 20:05:51.221000+00:00,6.85,403.9318742662927
2021-01-23 20:05:51.225000+00:00,7.12,403.85171057244355
2021-01-23 20:05:51.229000+00:00,7.42,403.5203175995256
2021-01-23 20:05:51.233000+00:00,7.74,403.8060777949356
2021-01-23 20:05:51.237000+00:00,8.09,403.9062428791009
2021-01-23 20:05:51.241000+00:00,8.45,404.0039776480878
2021-01-23 20:05:51.245000+00:00,8.82,403.69968307338115
2021-01-23 20:05:51.249000+00:00,9.21,403.33630121783807
2021-01-23 20:05:51.253000+00:00,9.6,403.37663956703113
2021-01-23 20:05:51.257000+00:00,9.99,404.21577804095074
2021-01-23 20:05:51.261000+00:00,10.39,403.9270800464837
2021-01-23 20:05:51.265000+00:00,10.8,403.63158276069163
2021-01-23 20:05:51.269000+00:00,11.23,403.39579735769365
2021-01-23 20:05:51.273000+00:00,11.66,403.68258503798324
2021-01-23 20:05:51.277000+00:00,12.1,403.25694032893654
2021-01-23 20:05:51.281000+00:00,12.55,402.72195807721715
2021-01-23 20:05:51.285000+00:00,13.02,402.80092515627405
2021-01-23 20:05:51.289000+00:00,13.49,402.55477636570004
2021-01-23 20:05:51.293000+00:00,13.99,402.4968565093361
2021-01-23 20:05:51.297000+00:00,14.49,402.51055172978937
2021-01-23 20:05:51.301000+00:00,15.01,403.33970594094086
2021-01-23 20:05:51.305000+00:00,15.55,403.7269430496251
2021-01-23 20:05:51.309000+00:00,16.11,404.4281597961198
2021-01-23 20:05:51.313000+00:00,16.71,405.0780370056892
2021-01-23 20:05:51.317000+00:00,17.34,405.76829250238336
2021-01-23 20:05:51.321000+00:00,18.01,406.23609260942163
2021-01-23 20:05:51.325000+00:00,18.72,406.59152381298526
2021-01-23 20:05:51.329000+00:00,19.48,407.25505399630674
2021-01-23 20:05:51.333000+00:00,20.27,407.8274460769515
2021-01-23 20:05:51.337000+00:00,21.1,408.1166129594772
2021-01-23 20:05:51.341000+00:00,21.96,408.73506106406984
2021-01-23 20:05:51.345000+00:00,22.85,409.63394897117234
2021-01-23 20:05:51.349000+00:00,23.79,411.0993246417449
2021-01-23 20:05:51.353000+00:00,24.76,411.3940340745368
2021-01-23 20:05:51.357000+00:00,25.78,411.8908571053553
2021-01-23 20:05:51.361000+00:00,26.84,412.9852299414906
2021-01-23 20:05:51.365000+00:00,27.94,413.91506728616116
2021-01-23 20:05:51.369000+00:00,29.05,414.84304354923495
2021-01-23 20:05:51.373000+00:00,30.18,415.3522844874486
2021-01-23 20:05:51.377000+00:00,31.3,415.54996851761626
2021-01-23 20:05:51.381000+00:00,32.42,416.0001028210166
2021-01-23 20:05:51.385000+00:00,33.52,417.1640297570264
2021-01-23 20:05:51.389000+00:00,34.62,417.290286303551
2021-01-23 20:05:51.393000+00:00,35.71,418.59480012219126
2021-01-23 20:05:51.397000+00:00,36.8,418.5630038176454
2021-01-23 20:05:51.401000+00:00,37.9,419.0599931526656
2021-01-23 20:05:51.405000+00:00,38.99,420.0201510771546
2021-01-23 20:05:51.409000+00:00,40.06,420.1219299374857
2021-01-23 20:05:51.413000+00:00,41.11,421.01410596970885
2021-01-23 20:05:51.417000+00:00,42.12,421.49553020917153
2021-01-23 20:05:51.421000+00:00,43.07,422.40625921505625
2021-01-23 20:05:51.425000+00:00,43.97,422.95071330915187
2021-01-23 20:05:51.429000+00:00,44.8,423.3927716262275
2021-01-23 20:05:51.433000+00:00,45.58,424.42718909285736
2021-01-23 20:05:51.437000+00:00,46.31,423.3835480005571
2021-01-23 20:05:51.441000+00:00,47.02,425.45723130629693
2021-01-23 20:05:51.445000+00:00,47.7,426.79102683581453
2021-01-23 20:05:51.449000+00:00,48.37,426.6384440486591
2021-01-23 20:05:51.453000+00:00,49.03,426.6231538050712
2021-01-23 20:05:51.457000+00:00,49.68,427.37778887046323
2021-01-23 20:05:51.461000+00:00,50.31,427.84199318082915
2021-01-23 20:05:51.465000+00:00,50.92,428.25521544019375
2021-01-23 20:05:51.469000+00:00,51.52,428.365596666301
2021-01-23 20:05:51.473000+00:00,52.08,428.9885259849696
2021-01-23 20:05:51.477000+00:00,52.62,429.56603720808243
2021-01-23 20:05:51.481000+00:00,53.11,425.0018044198164
2021-01-23 20:05:51.485000+00:00,53.56,428.6497588015155
2021-01-23 20:05:51.489000+00:00,53.97,429.65651548678943
2021-01-23 20:05:51.493000+00:00,54.33,429.7207023449264
2021-01-23 20:05:51.497000+00:00,54.65,429.7893358244238
2021-01-23 20:05:51.501000+00:00,54.94,430.21115898635026
2021-01-23 20:05:51.505000+00:00,55.19,430.55555707631237
2021-01-23 20:05:51.509000+00:00,55.42,430.8677988253876
2021-01-23 20:05:51.513000+00:00,55.64,430.7847757686466
2021-01-23 20:05:51.517000+00:00,55.86,430.2150974003989
2021-01-23 20:05:51.521000+00:00,56.08,430.5730029815223
2021-01-23 20:05:51.525000+00:00,56.3,430.23485770148596
2021-01-23 20:05:51.529000+00:00,56.51,430.48793959536874
2021-01-23 20:05:51.533000+00:00,56.67,429.9956337313017
2021-01-23 20:05:51.537000+00:00,56.78,429.8118244593562
2021-01-23 20:05:51.541000+00:00,56.81,429.5424116774102
2021-01-23 20:05:51.545000+00:00,56.77,429.43175520938644
2021-01-23 20:05:51.549000+00:00,56.67,429.1145507066609
2021-01-23 20:05:51.553000+00:00,56.53,429.2976071344479
2021-01-23 20:05:51.557000+00:00,56.37,428.77566628679676
2021-01-23 20:05:51.561000+00:00,56.2,427.7745385834096
2021-01-23 20:05:51.565000+00:00,56.03,427.85823653423216
2021-01-23 20:05:51.569000+00:00,55.85,427.4758808599507
2021-01-23 20:05:51.573000+00:00,55.64,425.2575827919328
2021-01-23 20:05:51.577000+00:00,55.39,425.0082380557779
2021-01-23 20:05:51.581000+00:00,55.11,425.1624765089091
2021-01-23 20:05:51.585000+00:00,54.77,424.5346120521918
2021-01-23 20:05:51.589000+00:00,54.37,423.67479283038114
2021-01-23 20:05:51.593000+00:00,53.91,422.6590315432704
2021-01-23 20:05:51.597000+00:00,53.39,422.8220448342176
2021-01-23 20:05:51.601000+00:00,52.81,421.90370297735524
2021-01-23 20:05:51.605000+00:00,52.18,421.0820279395688
2021-01-23 20:05:51.609000+00:00,51.49,420.46511543039594
2021-01-23 20:05:51.613000+00:00,50.77,419.26206248535664
2021-01-23 20:05:51.617000+00:00,50.01,418.6827872355323
2021-01-23 20:05:51.621000+00:00,49.22,417.81590930956963
2021-01-23 20:05:51.625000+00:00,48.4,416.51194759487396
2021-01-23 20:05:51.629000+00:00,47.56,415.9931732875501
2021-01-23 20:05:51.633000+00:00,46.7,414.8356087619047
2021-01-23 20:05:51.637000+00:00,45.82,414.24723654492453
2021-01-23 20:05:51.641000+00:00,44.92,413.5610445760513
2021-01-23 20:05:51.645000+00:00,44.0,412.1893114754132
2021-01-23 20:05:51.649000+00:00,43.05,412.13980111785935
2021-01-23 20:05:51.653000+00:00,42.07,410.9914633329753
2021-01-23 20:05:51.657000+00:00,41.07,410.0862221743535
2021-01-23 20:05:51.661000+00:00,40.05,410.3986986210864
2021-01-23 20:05:51.665000+00:00,39.02,408.3748330896237
2021-01-23 20:05:51.669000+00:00,37.98,407.2459174869321
2021-01-23 20:05:51.673000+00:00,36.92,406.93220793177824
2021-01-23 20:05:51.677000+00:00,35.86,406.65644074249684
2021-01-23 20:05:51.681000+00:00,34.78,406.07287659992295
2021-01-23 20:05:51.685000+00:00,33.68,405.64403367841396
2021-01-23 20:05:51.689000+00:00,32.58,405.39071900414234
2021-01-23 20:05:51.693000+00:00,31.45,405.54589172217493
2021-01-23 20:05:51.697000+00:00,30.32,404.68605409105766
2021-01-23 20:05:51.701000+00:00,29.19,404.6612639137278
2021-01-23 20:05:51.705000+00:00,28.06,404.72796454883064
2021-01-23 20:05:51.709000+00:00,26.94,404.49394163265146
2021-01-23 20:05:51.713000+00:00,25.82,404.64823650002717
2021-01-23 20:05:51.717000+00:00,24.71,403.8398162505768
2021-01-23 20:05:51.721000+00:00,23.6,404.3328881549715
2021-01-23 20:05:51.725000+00:00,22.49,404.2407599659723
2021-01-23 20:05:51.729000+00:00,21.37,404.1884249046237
2021-01-23 20:05:51.733000+00:00,20.25,404.2059573343802
2021-01-23 20:05:51.737000+00:00,19.11,404.1213818584184
2021-01-23 20:05:51.741000+00:00,17.97,404.05131707195966
2021-01-23 20:05:51.745000+00:00,16.83,404.67174170978893
2021-01-23 20:05:51.749000+00:00,15.69,404.53854114936667
2021-01-23 20:05:51.753000+00:00,14.56,405.4465559717121
2021-01-23 20:05:51.757000+00:00,13.43,403.7384785132335
2021-01-23 20:05:51.761000+00:00,12.31,404.29920661570196
2021-01-23 20:05:51.765000+00:00,11.2,404.19330477460346
2021-01-23 20:05:51.769000+00:00,10.09,404.80969368714324
2021-01-23 20:05:51.773000+00:00,8.99,403.84788736121936
2021-01-23 20:05:51.777000+00:00,7.89,404.6891635059417
2021-01-23 20:05:51.781000+00:00,6.8,404.63679701024284
2021-01-23 20:05:51.785000+00:00,5.71,404.8462592371877
2021-01-23 20:05:51.789000+00:00,4.63,404.9501774398134
2021-01-23 20:05:51.793000+00:00,3.56,404.48695002753925
2021-01-23 20:05:51.797000+00:00,2.51,405.2705049050167
2021-01-23 20:05:51.801000+00:00,1.47,405.7457393282791
2021-01-23 20:05:51.805000+00:00,0.46,405.1180727303904
2021-01-23 20:05:51.809000+00:00,-0.52,405.5036110097166
2021-01-23 20:05:51.813000+00:00,-1.46,404.70025153229756
2021-01-23 20:05:51.817000+00:00,-2.34,404.58345922895296
2021-01-23 20:05:51.821000+00:00,-3.16,404.5236141570847
2021-01-23 20:05:51.825000+00:00,-3.9,404.3000638928918
2021-01-23 20:05:51.829000+00:00,-4.57,404.56087566279126
2021-01-23 20:05:51.833000+00:00,-5.15,404.7450130554192
2021-01-23 20:05:51.837000+00:00,-5.64,404.1521451198497
2021-01-23 20:05:51.841000+00:00,-6.03,405.54900559107483
2021-01-23 20:05:51.845000+00:00,-6.32,404.69036597082857
2021-01-23 20:05:51.849000+00:00,-6.51,404.5788636925887
2021-01-23 20:05:51.853000+00:00,-6.6,404.6704270135718
2021-01-23 20:05:51.857000+00:00,-6.57,405.11253975096497
2021-01-23 20:05:51.861000+00:00,-6.43,404.28338603055954
2021-01-23 20:05:51.865000+00:00,-6.19,403.81278354592587
2021-01-23 20:05:51.869000+00:00,-5.84,403.85778816333647
2021-01-23 20:05:51.873000+00:00,-5.41,404.32945995600676
2021-01-23 20:05:51.877000+00:00,-4.91,403.5038801717884
2021-01-23 20:05:51.881000+00:00,-4.37,404.51789549657565
2021-01-23 20:05:51.885000+00:00,-3.8,404.4546725196519
2021-01-23 20:05:51.889000+00:00,-3.22,404.01855306582195
2021-01-23 20:05:51.893000+00:00,-2.65,404.06292544414373
2021-01-23 20:05:51.897000+00:00,-2.11,404.57867742404255
2021-01-23 20:05:51.901000+00:00,-1.63,404.42605673899993
2021-01-23 20:05:51.905000+00:00,-1.2,404.37480569176194
2021-01-23 20:05:51.909000+00:00,-0.85,404.62593504499205
2021-01-23 20:05:51.913000+00:00,-0.58,403.9346354565439
2021-01-23 20:05:51.917000+00:00,-0.4,404.1652197612018
2021-01-23 20:05:51.921000+00:00,-0.31,404.2178848087616
2021-01-23 20:05:51.925000+00:00,-0.31,403.9364191771916
2021-01-23 20:05:51.929000+00:00,-0.39,403.52139287823275
2021-01-23 20:05:51.933000+00:00,-0.52,403.49435459015956
2021-01-23 20:05:51.937000+00:00,-0.67,403.6525456408877
2021-01-23 20:05:51.941000+00:00,-0.82,403.76186084152687
2021-01-23 20:05:51.945000+00:00,-0.95,401.1404988320737
2021-01-23 20:05:51.949000+00:00,-1.02,403.4659775547375
2021-01-23 20:05:51.953000+00:00,-1.02,404.06912177461686
2021-01-23 20:05:51.957000+00:00,-0.95,403.4909056772422
2021-01-23 20:05:51.961000+00:00,-0.79,404.06542342430413
2021-01-23 20:05:51.965000+00:00,-0.56,403.9224865442115
2021-01-23 20:05:51.969000+00:00,-0.25,403.82673319513464
2021-01-23 20:05:51.973000+00:00,0.11,403.5486837284488
2021-01-23 20:05:51.977000+00:00,0.53,404.66756617179766
2021-01-23 20:05:51.981000+00:00,1.0,403.9575426089837
2021-01-23 20:05:51.985000+00:00,1.51,404.0092802698818
2021-01-23 20:05:51.989000+00:00,2.03,403.3481199014397
2021-01-23 20:05:51.993000+00:00,2.58,403.3013995876068
2021-01-23 20:05:51.997000+00:00,3.12,403.0957076763284
2021-01-23 20:05:52.001000+00:00,3.64,403.47598004532375
2021-01-23 20:05:52.005000+00:00,4.14,403.4088465727309
2021-01-23 20:05:52.009000+00:00,4.61,403.4951799879367
2021-01-23 20:05:52.013000+00:00,5.02,403.49808698942843
2021-01-23 20:05:52.017000+00:00,5.37,403.68380485813077
2021-01-23 20:05:52.021000+00:00,5.67,403.56374079412046
2021-01-23 20:05:52.025000+00:00,5.9,402.0077262685354
2021-01-23 20:05:52.029000+00:00,6.08,403.34185283651135
2021-01-23 20:05:52.033000+00:00,6.22,403.3181260842957
2021-01-23 20:05:52.037000+00:00,6.31,403.3012691497397
2021-01-23 20:05:52.041000+00:00,6.39,403.10546492478136
2021-01-23 20:05:52.045000+00:00,6.46,403.10847886223297
2021-01-23 20:05:52.049000+00:00,6.52,402.8036273787735
2021-01-23 20:05:52.053000+00:00,6.58,403.16711333497904
2021-01-23 20:05:52.057000+00:00,6.64,403.6074320473678
2021-01-23 20:05:52.061000+00:00,6.67,403.36854725706183
2021-01-23 20:05:52.065000+00:00,6.69,404.4066612761677
2021-01-23 20:05:52.069000+00:00,6.7,403.13305147111544
2021-01-23 20:05:52.073000+00:00,6.7,403.76616390775905
2021-01-23 20:05:52.077000+00:00,6.7,403.53481315100976
2021-01-23 20:05:52.081000+00:00,6.7,403.0992161431333
2021-01-23 20:05:52.085000+00:00,6.72,403.2172482776648
2021-01-23 20:05:52.089000+00:00,6.74,402.60200239563164
2021-01-23 20:05:52.093000+00:00,6.76,403.18358781072607
2021-01-23 20:05:52.097000+00:00,6.76,402.9118817041168
2021-01-23 20:05:52.101000+00:00,6.76,403.1732384635055
2021-01-23 20:05:52.105000+00:00,6.74,403.5904810634677
2021-01-23 20:05:52.109000+00:00,6.71,403.51591128141587
2021-01-23 20:05:52.113000+00:00,6.65,403.29028187012716
2021-01-23 20:05:52.117000+00:00,6.6,403.611599239283
2021-01-23 20:05:52.121000+00:00,6.55,402.9162272129213
2021-01-23 20:05:52.125000+00:00,6.52,403.1910984645237
2021-01-23 20:05:52.129000+00:00,6.52,403.0863835919789
2021-01-23 20:05:52.133000+00:00,6.55,403.6931681990012
2021-01-23 20:05:52.137000+00:00,6.6,403.30344301392756
2021-01-23 20:05:52.141000+00:00,6.68,403.5275441551223
2021-01-23 20:05:52.145000+00:00,6.76,402.32675294097055
2021-01-23 20:05:52.149000+00:00,6.83,403.0404452771721
2021-01-23 20:05:52.153000+00:00,6.86,403.87056756764855
2021-01-23 20:05:52.157000+00:00,6.86,404.20776977016016
2021-01-23 20:05:52.161000+00:00,6.81,403.7224776560663
2021-01-23 20:05:52.165000+00:00,6.72,403.509955767895
2021-01-23 20:05:52.169000+00:00,6.59,403.2980253149493
2021-01-23 20:05:52.173000+00:00,6.43,403.67226619079497
2021-01-23 20:05:52.177000+00:00,6.25,404.0067374706483
2021-01-23 20:05:52.181000+00:00,6.06,403.69630402725863
2021-01-23 20:05:52.185000+00:00,5.85,404.01243755361213
2021-01-23 20:05:52.189000+00:00,5.66,403.3068644793384
2021-01-23 20:05:52.193000+00:00,5.48,404.05607376659907
2021-01-23 20:05:52.197000+00:00,5.33,404.0568258395142
2021-01-23 20:05:52.201000+00:00,5.23,402.89874766343854
2021-01-23 20:05:52.205000+00:00,5.17,404.1900501235202
2021-01-23 20:05:52.209000+00:00,5.15,403.90983286998716
2021-01-23 20:05:52.213000+00:00,5.17,403.104251929015
2021-01-23 20:05:52.217000+00:00,5.22,403.2919043761399
2021-01-23 20:05:52.221000+00:00,5.29,404.09759973960206
2021-01-23 20:05:52.225000+00:00,5.37,403.7050331108269
2021-01-23 20:05:52.229000+00:00,5.45,403.6946799282233
2021-01-23 20:05:52.233000+00:00,5.54,404.29800370521116
2021-01-23 20:05:52.237000+00:00,5.62,404.0038077460247
2021-01-23 20:05:52.241000+00:00,5.68,403.8991150441339
2021-01-23 20:05:52.245000+00:00,5.74,403.90283564209346
2021-01-23 20:05:52.249000+00:00,5.79,403.5986644451487
2021-01-23 20:05:52.253000+00:00,5.83,404.09661305443564
2021-01-23 20:05:52.257000+00:00,5.86,404.0024080966671
2021-01-23 20:05:52.261000+00:00,5.87,403.8998979146504
2021-01-23 20:05:52.265000+00:00,5.86,403.9011035946369
2021-01-23 20:05:52.269000+00:00,5.83,403.8956878141761
2021-01-23 20:05:52.273000+00:00,5.78,404.4009418981878
2021-01-23 20:05:52.277000+00:00,5.71,403.9002316308854
2021-01-23 20:05:52.281000+00:00,5.63,404.59236270339807
2021-01-23 20:05:52.285000+00:00,5.54,404.6085953946715
2021-01-23 20:05:52.289000+00:00,5.45,404.2823769165792
2021-01-23 20:05:52.293000+00:00,5.37,406.6982310643462
2021-01-23 20:05:52.297000+00:00,5.31,404.42015627956556
2021-01-23 20:05:52.301000+00:00,5.26,404.2955564687328
2021-01-23 20:05:52.305000+00:00,5.23,404.39768290754665
2021-01-23 20:05:52.309000+00:00,5.22,404.60452746573463
2021-01-23 20:05:52.313000+00:00,5.21,403.80232583783095
2021-01-23 20:05:52.317000+00:00,5.2,404.29579165797514
2021-01-23 20:05:52.321000+00:00,5.2,404.29899217660363
2021-01-23 20:05:52.325000+00:00,5.19,404.4051984486452
2021-01-23 20:05:52.329000+00:00,5.16,403.69839533694295
2021-01-23 20:05:52.333000+00:00,5.12,404.69253629298834
2021-01-23 20:05:52.337000+00:00,5.06,404.60346846750076
2021-01-23 20:05:52.341000+00:00,4.98,404.5966920057984
2021-01-23 20:05:52.345000+00:00,4.9,404.9006416663972
2021-01-23 20:05:52.349000+00:00,4.82,404.50359420139466
2021-01-23 20:05:52.353000+00:00,4.77,404.49739417602814
2021-01-23 20:05:52.357000+00:00,4.75,404.7007482238009
2021-01-23 20:05:52.361000+00:00,4.75,404.5964470937991
2021-01-23 20:05:52.365000+00:00,4.78,405.00440382840924
2021-01-23 20:05:52.369000+00:00,4.81,404.1008905806592
2021-01-23 20:05:52.373000+00:00,4.83,404.7986780515829
2021-01-23 20:05:52.377000+00:00,4.85,404.29787873212626
2021-01-23 20:05:52.381000+00:00,4.84,405.19795663010314
2021-01-23 20:05:52.385000+00:00,4.81,404.6006100021123
2021-01-23 20:05:52.389000+00:00,4.76,405.19997794970493
2021-01-23 20:05:52.393000+00:00,4.68,404.4916648763521
2021-01-23 20:05:52.397000+00:00,4.6,404.80072264733894
2021-01-23 20:05:52.401000+00:00,4.5,404.39564952387735
2021-01-23 20:05:52.405000+00:00,4.42,404.4930747684032
2021-01-23 20:05:52.409000+00:00,4.36,403.889313331537
2021-01-23 20:05:52.413000+00:00,4.32,404.0100647433508
2021-01-23 20:05:52.417000+00:00,4.3,404.5207427447777
2021-01-23 20:05:52.421000+00:00,4.33,404.8808362124215
2021-01-23 20:05:52.425000+00:00,4.38,403.5780070331745
2021-01-23 20:05:52.429000+00:00,4.47,404.03683037026434
2021-01-23 20:05:52.433000+00:00,4.58,405.20821566966856
2021-01-23 20:05:52.437000+00:00,4.71,404.57569431358365
2021-01-23 20:05:52.441000+00:00,4.87,403.9901778943219
2021-01-23 20:05:52.445000+00:00,5.04,404.01552813689193
2021-01-23 20:05:52.449000+00:00,5.23,404.4899891207571
2021-01-23 20:05:52.453000+00:00,5.42,403.8053880070169
2021-01-23 20:05:52.457000+00:00,5.62,404.81695170241903
2021-01-23 20:05:52.461000+00:00,5.82,404.48154560568634
2021-01-23 20:05:52.465000+00:00,6.02,403.9905357334409
2021-01-23 20:05:52.469000+00:00,6.22,404.12472529747623
2021-01-23 20:05:52.473000+00:00,6.43,404.9946823211129
2021-01-23 20:05:52.477000+00:00,6.65,403.8756129878052
2021-01-23 20:05:52.481000+00:00,6.88,403.9147320152866
2021-01-23 20:05:52.485000+00:00,7.12,404.19082503285966
2021-01-23 20:05:52.489000+00:00,7.37,403.7037264510471
2021-01-23 20:05:52.493000+00:00,7.6,404.4134151635019
2021-01-23 20:05:52.497000+00:00,7.82,404.29023691662366
2021-01-23 20:05:52.501000+00:00,8.02,403.9922438800038
2021-01-23 20:05:52.505000+00:00,8.2,403.799833852383
2021-01-23 20:05:52.509000+00:00,8.38,403.9008561500426
2021-01-23 20:05:52.513000+00:00,8.57,404.0132234263294
2021-01-23 20:05:52.517000+00:00,8.76,404.4965424274273
2021-01-23 20:05:52.521000+00:00,8.97,403.78145465424785
2021-01-23 20:05:52.525000+00:00,9.19,403.6046385034847
2021-01-23 20:05:52.529000+00:00,9.45,403.90934646139067
2021-01-23 20:05:52.533000+00:00,9.74,404.09892729220803
2021-01-23 20:05:52.537000+00:00,10.07,403.8940480503374
2021-01-23 20:05:52.541000+00:00,10.42,403.6919312367208
2021-01-23 20:05:52.545000+00:00,10.82,403.39682306236085
2021-01-23 20:05:52.549000+00:00,11.25,403.28826919467093
2021-01-23 20:05:52.553000+00:00,11.71,402.79980166700403
2021-01-23 20:05:52.557000+00:00,12.19,403.2062937074459
2021-01-23 20:05:52.561000+00:00,12.7,403.09861764335426
2021-01-23 20:05:52.565000+00:00,13.21,403.1996776696929
2021-01-23 20:05:52.569000+00:00,13.71,402.9937626382937
2021-01-23 20:05:52.573000+00:00,14.19,402.7923245771318
2021-01-23 20:05:52.577000+00:00,14.63,402.60400220178343
