,Channel 0,Channel 1,Channel 2,Channel 3,Channel 4
1611776606233711,506.1,0.0,0.0,0.0,0.0
1611776606237711,505.2,0.0,0.0,0.0,0.0
1611776606241711,505.5,0.0,0.0,0.0,0.0
1611776606245711,505.6,0.0,0.0,0.0,0.0
1611776606249711,505.4,0.0,0.0,0.0,0.0
1611776606253711,506.0,0.0,0.0,0.0,0.0
1611776606257711,511.8,0.0,0.0,0.0,0.0
1611776606261711,505.8,0.0,0.0,0.0,0.0
1611776606265711,506.8,0.0,0.0,0.0,0.0
1611776606269711,508.2,0.0,0.0,0.0,0.0
1611776606273711,507.0,0.0,0.0,0.0,0.0
1611776606277711,506.8,0.0,0.0,0.0,0.0
1611776606281711,506.0,0.0,0.0,0.0,0.0
1611776606285711,505.6,0.0,0.0,0.0,0.0
1611776606289711,505.1,0.0,0.0,0.0,0.0
1611776606293711,505.9,0.0,0.0,0.0,0.0
1611776606297711,507.1,0.0,0.0,0.0,0.0
1611776606301711,507.4,0.0,0.0,0.0,0.0
1611776606305711,503.9,0.0,0.0,0.0,0.0
1611776606309711,506.4,0.0,0.0,0.0,0.0
1611776606313711,505.7,0.0,0.0,0.0,0.0
1611776606317711,506.0,0.0,0.0,0.0,0.0
1611776606321711,506.2,0.0,0.0,0.0,0.0
1611776606325711,506.2,0.0,0.0,0.0,0.0
1611776606329711,507.3,0.0,0.0,0.0,0.0
1611776606333711,506.2,0.0,0.0,0.0,0.0
1611776606337711,506.1,0.0,0.0,0.0,0.0
1611776606341711,505.8,0.0,0.0,0.0,0.0
1611776606345711,506.2,0.0,0.0,0.0,0.0
1611776606349711,507.9,0.0,0.0,0.0,0.0
1611776606353711,506.7,0.0,0.0,0.0,0.0
1611776606357711,507.0,0.0,0.0,0.0,0.0
1611776606361711,505.8,0.0,0.0,0.0,0.0
1611776606365711,502.4,0.0,0.0,0.0,0.0
1611776606369711,504.5,0.0,0.0,0.0,0.0
1611776606373711,508.3,0.0,0.0,0.0,0.0
1611776606377711,507.6,0.0,0.0,0.0,0.0
1611776606381711,504.7,0.0,0.0,0.0,0.0
1611776606385711,504.9,0.0,0.0,0.0,0.0
1611776606389711,506.3,0.0,0.0,0.0,0.0
1611776606393711,509.0,0.0,0.0,0.0,0.0
1611776606397711,503.6,0.0,0.0,0.0,0.0
1611776606401711,505.6,0.0,0.0,0.0,0.0
1611776606405711,505.6,0.0,0.0,0.0,0.0
1611776606409711,505.8,0.0,0.0,0.0,0.0
1611776606413711,506.2,0.0,0.0,0.0,0.0
1611776606417711,506.1,0.0,0.0,0.0,0.0
1611776606421711,506.0,0.0,0.0,0.0,0.0
1611776606425554,506.1,0.0,0.0,0.0,0.0
1611776606429554,505.3,0.0,0.0,0.0,0.0
1611776606433554,506.1,0.0,0.0,0.0,0.0
1611776606437554,504.7,0.0,0.0,0.0,0.0
1611776606441554,505.7,0.0,0.0,0.0,0.0
1611776606445554,503.4,0.0,0.0,0.0,0.0
1611776606449554,505.7,0.0,0.0,0.0,0.0
1611776606453554,505.4,0.0,0.0,0.0,0.0
1611776606457554,504.8,0.0,0.0,0.0,0.0
1611776606461554,506.2,0.0,0.0,0.0,0.0
1611776606465554,506.9,0.0,0.0,0.0,0.0
1611776606469554,507.1,0.0,0.0,0.0,0.0
1611776606473554,507.1,0.0,0.0,0.0,0.0
1611776606477554,507.3,0.0,0.0,0.0,0.0
1611776606481554,506.3,0.0,0.0,0.0,0.0
1611776606485554,504.9,0.0,0.0,0.0,0.0
1611776606489554,503.6,0.0,0.0,0.0,0.0
1611776606493554,501.7,0.0,0.0,0.0,0.0
1611776606497554,502.3,0.0,0.0,0.0,0.0
1611776606501554,506.3,0.0,0.0,0.0,0.0
1611776606505554,503.3,0.0,0.0,0.0,0.0
1611776606509554,502.0,0.0,0.0,0.0,0.0
1611776606513554,506.2,0.0,0.0,0.0,0.0
1611776606517554,505.1,0.0,0.0,0.0,0.0
1611776606521554,507.6,0.0,0.0,0.0,0.0
1611776606525554,503.0,0.0,0.0,0.0,0.0
1611776606529554,510.2,0.0,0.0,0.0,0.0
1611776606533554,504.0,0.0,0.0,0.0,0.0
1611776606537554,505.6,0.0,0.0,0.0,0.0
1611776606541554,505.9,0.0,0.0,0.0,0.0
1611776606545554,505.9,0.0,0.0,0.0,0.0
1611776606549554,505.5,0.0,0.0,0.0,0.0
1611776606553554,505.3,0.0,0.0,0.0,0.0
1611776606557554,505.3,0.0,0.0,0.0,0.0
1611776606561554,504.7,0.0,0.0,0.0,0.0
1611776606565554,505.3,0.0,0.0,0.0,0.0
1611776606569554,506.3,0.0,0.0,0.0,0.0
1611776606573554,506.2,0.0,0.0,0.0,0.0
1611776606577554,505.6,0.0,0.0,0.0,0.0
1611776606581554,505.3,0.0,0.0,0.0,0.0
1611776606585554,505.4,0.0,0.0,0.0,0.0
1611776606589554,505.9,0.0,0.0,0.0,0.0
1611776606593554,505.7,0.0,0.0,0.0,0.0
1611776606597554,506.0,0.0,0.0,0.0,0.0
1611776606601554,505.0,0.0,0.0,0.0,0.0
1611776606605554,505.4,0.0,0.0,0.0,0.0
1611776606609554,505.0,0.0,0.0,0.0,0.0
1611776606613554,505.0,0.0,0.0,0.0,0.0
1611776606617403,504.7,0.0,0.0,0.0,0.0
1611776606621403,505.9,0.0,0.0,0.0,0.0
1611776606625403,505.8,0.0,0.0,0.0,0.0
1611776606629403,506.2,0.0,0.0,0.0,0.0
1611776606633403,506.6,0.0,0.0,0.0,0.0
1611776606637403,506.3,0.0,0.0,0.0,0.0
1611776606641403,506.6,0.0,0.0,0.0,0.0
1611776606645403,505.4,0.0,0.0,0.0,0.0
1611776606649403,506.3,0.0,0.0,0.0,0.0
1611776606653403,505.2,0.0,0.0,0.0,0.0
1611776606657403,504.9,0.0,0.0,0.0,0.0
1611776606661403,503.1,0.0,0.0,0.0,0.0
1611776606665403,506.5,0.0,0.0,0.0,0.0
1611776606669403,506.2,0.0,0.0,0.0,0.0
1611776606673403,506.2,0.0,0.0,0.0,0.0
1611776606677403,505.6,0.0,0.0,0.0,0.0
1611776606681403,505.6,0.0,0.0,0.0,0.0
1611776606685403,506.0,0.0,0.0,0.0,0.0
1611776606689403,505.8,0.0,0.0,0.0,0.0
1611776606693403,506.9,0.0,0.0,0.0,0.0
1611776606697403,507.9,0.0,0.0,0.0,0.0
1611776606701403,507.0,0.0,0.0,0.0,0.0
1611776606705403,506.2,0.0,0.0,0.0,0.0
1611776606709403,506.0,0.0,0.0,0.0,0.0
1611776606713403,504.9,0.0,0.0,0.0,0.0
1611776606717403,505.5,0.0,0.0,0.0,0.0
1611776606721403,505.5,0.0,0.0,0.0,0.0
1611776606725403,506.3,0.0,0.0,0.0,0.0
1611776606729403,505.9,0.0,0.0,0.0,0.0
1611776606733403,506.7,0.0,0.0,0.0,0.0
1611776606737403,506.5,0.0,0.0,0.0,0.0
1611776606741403,506.6,0.0,0.0,0.0,0.0
1611776606745403,506.3,0.0,0.0,0.0,0.0
1611776606749403,505.8,0.0,0.0,0.0,0.0
1611776606753403,503.2,0.0,0.0,0.0,0.0
1611776606757403,510.3,0.0,0.0,0.0,0.0
1611776606761403,505.9,0.0,0.0,0.0,0.0
1611776606765403,506.0,0.0,0.0,0.0,0.0
1611776606769403,506.0,0.0,0.0,0.0,0.0
1611776606773403,506.3,0.0,0.0,0.0,0.0
1611776606777403,505.8,0.0,0.0,0.0,0.0
1611776606781403,506.0,0.0,0.0,0.0,0.0
1611776606785403,505.8,0.0,0.0,0.0,0.0
1611776606789403,506.2,0.0,0.0,0.0,0.0
1611776606793403,506.3,0.0,0.0,0.0,0.0
1611776606797403,505.1,0.0,0.0,0.0,0.0
1611776606801403,504.3,0.0,0.0,0.0,0.0
1611776606805403,506.2,0.0,0.0,0.0,0.0
1611776606809244,505.6,0.0,0.0,0.0,0.0
1611776606813244,505.8,0.0,0.0,0.0,0.0
1611776606817244,505.9,0.0,0.0,0.0,0.0
1611776606821244,507.0,0.0,0.0,0.0,0.0
1611776606825244,506.5,0.0,0.0,0.0,0.0
1611776606829244,506.6,0.0,0.0,0.0,0.0
1611776606833244,507.0,0.0,0.0,0.0,0.0
1611776606837244,507.4,0.0,0.0,0.0,0.0
1611776606841244,503.3,0.0,0.0,0.0,0.0
1611776606845244,506.0,0.0,0.0,0.0,0.0
1611776606849244,505.2,0.0,0.0,0.0,0.0
1611776606853244,505.1,0.0,0.0,0.0,0.0
1611776606857244,506.2,0.0,0.0,0.0,0.0
1611776606861244,506.0,0.0,0.0,0.0,0.0
1611776606865244,506.2,0.0,0.0,0.0,0.0
1611776606869244,505.5,0.0,0.0,0.0,0.0
1611776606873244,508.0,0.0,0.0,0.0,0.0
1611776606877244,507.1,0.0,0.0,0.0,0.0
1611776606881244,506.3,0.0,0.0,0.0,0.0
1611776606885244,507.2,0.0,0.0,0.0,0.0
1611776606889244,505.0,0.0,0.0,0.0,0.0
1611776606893244,506.0,0.0,0.0,0.0,0.0
1611776606897244,502.3,0.0,0.0,0.0,0.0
1611776606901244,502.9,0.0,0.0,0.0,0.0
1611776606905244,504.9,0.0,0.0,0.0,0.0
1611776606909244,504.1,0.0,0.0,0.0,0.0
1611776606913244,506.5,0.0,0.0,0.0,0.0
1611776606917244,504.1,0.0,0.0,0.0,0.0
1611776606921244,506.0,0.0,0.0,0.0,0.0
1611776606925244,506.2,0.0,0.0,0.0,0.0
1611776606929244,508.7,0.0,0.0,0.0,0.0
1611776606933244,503.9,0.0,0.0,0.0,0.0
1611776606937244,508.4,0.0,0.0,0.0,0.0
1611776606941244,507.0,0.0,0.0,0.0,0.0
1611776606945244,506.8,0.0,0.0,0.0,0.0
1611776606949244,506.4,0.0,0.0,0.0,0.0
1611776606953244,506.6,0.0,0.0,0.0,0.0
1611776606957244,506.8,0.0,0.0,0.0,0.0
1611776606961244,506.3,0.0,0.0,0.0,0.0
1611776606965244,506.2,0.0,0.0,0.0,0.0
1611776606969244,506.7,0.0,0.0,0.0,0.0
1611776606973244,507.8,0.0,0.0,0.0,0.0
1611776606977244,504.1,0.0,0.0,0.0,0.0
1611776606981244,509.3,0.0,0.0,0.0,0.0
1611776606985244,504.6,0.0,0.0,0.0,0.0
1611776606989244,507.0,0.0,0.0,0.0,0.0
1611776606993244,509.0,0.0,0.0,0.0,0.0
1611776606997244,507.4,0.0,0.0,0.0,0.0
1611776607001087,507.8,0.0,0.0,0.0,0.0
1611776607005087,507.9,0.0,0.0,0.0,0.0
1611776607009087,506.3,0.0,0.0,0.0,0.0
1611776607013087,506.4,0.0,0.0,0.0,0.0
1611776607017087,506.6,0.0,0.0,0.0,0.0
1611776607021087,512.3,0.0,0.0,0.0,0.0
1611776607025087,507.4,0.0,0.0,0.0,0.0
1611776607029087,506.7,0.0,0.0,0.0,0.0
1611776607033087,508.0,0.0,0.0,0.0,0.0
1611776607037087,506.9,0.0,0.0,0.0,0.0
1611776607041087,507.3,0.0,0.0,0.0,0.0
1611776607045087,507.7,0.0,0.0,0.0,0.0
1611776607049087,506.2,0.0,0.0,0.0,0.0
1611776607053087,505.0,0.0,0.0,0.0,0.0
1611776607057087,508.1,0.0,0.0,0.0,0.0
1611776607061087,509.0,0.0,0.0,0.0,0.0
1611776607065087,505.2,0.0,0.0,0.0,0.0
1611776607069087,506.0,0.0,0.0,0.0,0.0
1611776607073087,506.2,0.0,0.0,0.0,0.0
1611776607077087,506.6,0.0,0.0,0.0,0.0
1611776607081087,505.8,0.0,0.0,0.0,0.0
1611776607085087,507.1,0.0,0.0,0.0,0.0
1611776607089087,507.3,0.0,0.0,0.0,0.0
1611776607093087,506.7,0.0,0.0,0.0,0.0
1611776607097087,507.1,0.0,0.0,0.0,0.0
1611776607101087,506.2,0.0,0.0,0.0,0.0
1611776607105087,506.3,0.0,0.0,0.0,0.0
1611776607109087,505.0,0.0,0.0,0.0,0.0
1611776607113087,505.1,0.0,0.0,0.0,0.0
1611776607117087,507.0,0.0,0.0,0.0,0.0
1611776607121087,505.9,0.0,0.0,0.0,0.0
1611776607125087,506.3,0.0,0.0,0.0,0.0
1611776607129087,506.7,0.0,0.0,0.0,0.0
1611776607133087,506.4,0.0,0.0,0.0,0.0
1611776607137087,506.8,0.0,0.0,0.0,0.0
1611776607141087,506.8,0.0,0.0,0.0,0.0
1611776607145087,507.1,0.0,0.0,0.0,0.0
1611776607149087,506.2,0.0,0.0,0.0,0.0
1611776607153087,505.3,0.0,0.0,0.0,0.0
1611776607157087,505.9,0.0,0.0,0.0,0.0
1611776607161087,505.2,0.0,0.0,0.0,0.0
1611776607165087,506.1,0.0,0.0,0.0,0.0
1611776607169087,504.5,0.0,0.0,0.0,0.0
1611776607173087,509.5,0.0,0.0,0.0,0.0
1611776607177087,502.1,0.0,0.0,0.0,0.0
1611776607181087,506.0,0.0,0.0,0.0,0.0
1611776607185087,505.2,0.0,0.0,0.0,0.0
1611776607189087,501.7,0.0,0.0,0.0,0.0
1611776607192932,504.4,0.0,0.0,0.0,0.0
1611776607196932,507.7,0.0,0.0,0.0,0.0
1611776607200932,508.8,0.0,0.0,0.0,0.0
1611776607204932,501.5,0.0,0.0,0.0,0.0
1611776607208932,506.3,0.0,0.0,0.0,0.0
1611776607212932,504.9,0.0,0.0,0.0,0.0
1611776607216932,503.3,0.0,0.0,0.0,0.0
1611776607220932,504.3,0.0,0.0,0.0,0.0
1611776607224932,504.9,0.0,0.0,0.0,0.0
1611776607228932,504.5,0.0,0.0,0.0,0.0
1611776607232932,505.0,0.0,0.0,0.0,0.0
1611776607236932,505.4,0.0,0.0,0.0,0.0
1611776607240932,503.7,0.0,0.0,0.0,0.0
1611776607244932,503.4,0.0,0.0,0.0,0.0
1611776607248932,501.5,0.0,0.0,0.0,0.0
1611776607252932,506.1,0.0,0.0,0.0,0.0
1611776607256932,502.3,0.0,0.0,0.0,0.0
1611776607260932,505.2,0.0,0.0,0.0,0.0
1611776607264932,505.7,0.0,0.0,0.0,0.0
1611776607268932,501.7,0.0,0.0,0.0,0.0
1611776607272932,502.7,0.0,0.0,0.0,0.0
1611776607276932,504.4,0.0,0.0,0.0,0.0
1611776607280932,504.3,0.0,0.0,0.0,0.0
1611776607284932,501.6,0.0,0.0,0.0,0.0
1611776607288932,503.9,0.0,0.0,0.0,0.0
1611776607292932,499.7,0.0,0.0,0.0,0.0
1611776607296932,503.9,0.0,0.0,0.0,0.0
1611776607300932,503.3,0.0,0.0,0.0,0.0
1611776607304932,503.0,0.0,0.0,0.0,0.0
1611776607308932,502.4,0.0,0.0,0.0,0.0
1611776607312932,502.9,0.0,0.0,0.0,0.0
1611776607316932,502.4,0.0,0.0,0.0,0.0
1611776607320932,503.2,0.0,0.0,0.0,0.0
1611776607324932,502.5,0.0,0.0,0.0,0.0
1611776607328932,502.7,0.0,0.0,0.0,0.0
1611776607332932,503.2,0.0,0.0,0.0,0.0
1611776607336932,504.4,0.0,0.0,0.0,0.0
1611776607340932,502.6,0.0,0.0,0.0,0.0
1611776607344932,504.3,0.0,0.0,0.0,0.0
1611776607348932,503.7,0.0,0.0,0.0,0.0
1611776607352932,503.3,0.0,0.0,0.0,0.0
1611776607356932,504.0,0.0,0.0,0.0,0.0
1611776607360932,502.5,0.0,0.0,0.0,0.0
1611776607364932,502.5,0.0,0.0,0.0,0.0
1611776607368932,502.7,0.0,0.0,0.0,0.0
1611776607372932,502.6,0.0,0.0,0.0,0.0
1611776607376932,503.1,0.0,0.0,0.0,0.0
1611776607380932,502.1,0.0,0.0,0.0,0.0
1611776607384776,503.3,0.0,0.0,0.0,0.0
1611776607388776,502.6,0.0,0.0,0.0,0.0
1611776607392776,502.8,0.0,0.0,0.0,0.0
1611776607396776,502.9,0.0,0.0,0.0,0.0
1611776607400776,503.0,0.0,0.0,0.0,0.0
1611776607404776,502.9,0.0,0.0,0.0,0.0
1611776607408776,502.4,0.0,0.0,0.0,0.0
1611776607412776,503.3,0.0,0.0,0.0,0.0
1611776607416776,501.6,0.0,0.0,0.0,0.0
1611776607420776,502.7,0.0,0.0,0.0,0.0
1611776607424776,501.2,0.0,0.0,0.0,0.0
1611776607428776,502.6,0.0,0.0,0.0,0.0
1611776607432776,502.2,0.0,0.0,0.0,0.0
1611776607436776,502.8,0.0,0.0,0.0,0.0
1611776607440776,502.6,0.0,0.0,0.0,0.0
1611776607444776,502.8,0.0,0.0,0.0,0.0
1611776607448776,502.1,0.0,0.0,0.0,0.0
1611776607452776,501.2,0.0,0.0,0.0,0.0
1611776607456776,500.1,0.0,0.0,0.0,0.0
1611776607460776,504.9,0.0,0.0,0.0,0.0
1611776607464776,505.7,0.0,0.0,0.0,0.0
1611776607468776,504.4,0.0,0.0,0.0,0.0
1611776607472776,499.8,0.0,0.0,0.0,0.0
1611776607476776,503.4,0.0,0.0,0.0,0.0
1611776607480776,503.1,0.0,0.0,0.0,0.0
1611776607484776,503.8,0.0,0.0,0.0,0.0
1611776607488776,504.0,0.0,0.0,0.0,0.0
1611776607492776,504.2,0.0,0.0,0.0,0.0
1611776607496776,504.1,0.0,0.0,0.0,0.0
1611776607500776,504.3,0.0,0.0,0.0,0.0
1611776607504776,504.9,0.0,0.0,0.0,0.0
1611776607508776,504.2,0.0,0.0,0.0,0.0
1611776607512776,502.7,0.0,0.0,0.0,0.0
1611776607516776,502.9,0.0,0.0,0.0,0.0
1611776607520776,503.7,0.0,0.0,0.0,0.0
1611776607524776,504.0,0.0,0.0,0.0,0.0
1611776607528776,508.0,0.0,0.0,0.0,0.0
1611776607532776,506.0,0.0,0.0,0.0,0.0
1611776607536776,504.4,0.0,0.0,0.0,0.0
1611776607540776,505.1,0.0,0.0,0.0,0.0
1611776607544776,505.1,0.0,0.0,0.0,0.0
1611776607548776,502.6,0.0,0.0,0.0,0.0
1611776607552776,502.4,0.0,0.0,0.0,0.0
1611776607556776,506.1,0.0,0.0,0.0,0.0
1611776607560776,504.1,0.0,0.0,0.0,0.0
1611776607564776,508.9,0.0,0.0,0.0,0.0
1611776607568776,505.2,0.0,0.0,0.0,0.0
1611776607572776,504.3,0.0,0.0,0.0,0.0
1611776607576626,505.3,0.0,0.0,0.0,0.0
1611776607580626,504.9,0.0,0.0,0.0,0.0
1611776607584626,505.2,0.0,0.0,0.0,0.0
1611776607588626,505.2,0.0,0.0,0.0,0.0
1611776607592626,504.6,0.0,0.0,0.0,0.0
1611776607596626,505.0,0.0,0.0,0.0,0.0
1611776607600626,503.8,0.0,0.0,0.0,0.0
1611776607604626,502.6,0.0,0.0,0.0,0.0
1611776607608626,502.7,0.0,0.0,0.0,0.0
1611776607612626,502.9,0.0,0.0,0.0,0.0
1611776607616626,502.7,0.0,0.0,0.0,0.0
1611776607620626,502.8,0.0,0.0,0.0,0.0
1611776607624626,502.3,0.0,0.0,0.0,0.0
1611776607628626,502.9,0.0,0.0,0.0,0.0
1611776607632626,504.9,0.0,0.0,0.0,0.0
1611776607636626,507.9,0.0,0.0,0.0,0.0
1611776607640626,507.7,0.0,0.0,0.0,0.0
1611776607644626,502.4,0.0,0.0,0.0,0.0
1611776607648626,503.2,0.0,0.0,0.0,0.0
1611776607652626,502.5,0.0,0.0,0.0,0.0
1611776607656626,505.1,0.0,0.0,0.0,0.0
1611776607660626,505.2,0.0,0.0,0.0,0.0
1611776607664626,504.8,0.0,0.0,0.0,0.0
1611776607668626,504.0,0.0,0.0,0.0,0.0
1611776607672626,503.8,0.0,0.0,0.0,0.0
1611776607676626,505.1,0.0,0.0,0.0,0.0
1611776607680626,504.0,0.0,0.0,0.0,0.0
1611776607684626,504.0,0.0,0.0,0.0,0.0
1611776607688626,505.3,0.0,0.0,0.0,0.0
1611776607692626,504.7,0.0,0.0,0.0,0.0
1611776607696626,501.7,0.0,0.0,0.0,0.0
1611776607700626,504.0,0.0,0.0,0.0,0.0
1611776607704626,506.6,0.0,0.0,0.0,0.0
1611776607708626,501.9,0.0,0.0,0.0,0.0
1611776607712626,502.1,0.0,0.0,0.0,0.0
1611776607716626,501.6,0.0,0.0,0.0,0.0
1611776607720626,501.5,0.0,0.0,0.0,0.0
1611776607724626,504.0,0.0,0.0,0.0,0.0
1611776607728626,505.0,0.0,0.0,0.0,0.0
1611776607732626,505.7,0.0,0.0,0.0,0.0
1611776607736626,505.1,0.0,0.0,0.0,0.0
1611776607740626,504.7,0.0,0.0,0.0,0.0
1611776607744626,506.6,0.0,0.0,0.0,0.0
1611776607748626,503.4,0.0,0.0,0.0,0.0
1611776607752626,503.4,0.0,0.0,0.0,0.0
1611776607756626,503.8,0.0,0.0,0.0,0.0
1611776607760626,503.5,0.0,0.0,0.0,0.0
1611776607764626,503.7,0.0,0.0,0.0,0.0
1611776607768462,502.7,0.0,0.0,0.0,0.0
1611776607772462,502.8,0.0,0.0,0.0,0.0
1611776607776462,502.7,0.0,0.0,0.0,0.0
1611776607780462,503.9,0.0,0.0,0.0,0.0
1611776607784462,501.1,0.0,0.0,0.0,0.0
1611776607788462,503.7,0.0,0.0,0.0,0.0
1611776607792462,503.8,0.0,0.0,0.0,0.0
1611776607796462,501.8,0.0,0.0,0.0,0.0
1611776607800462,502.7,0.0,0.0,0.0,0.0
1611776607804462,502.8,0.0,0.0,0.0,0.0
1611776607808462,503.8,0.0,0.0,0.0,0.0
1611776607812462,502.1,0.0,0.0,0.0,0.0
1611776607816462,503.6,0.0,0.0,0.0,0.0
1611776607820462,503.9,0.0,0.0,0.0,0.0
1611776607824462,503.7,0.0,0.0,0.0,0.0
1611776607828462,501.5,0.0,0.0,0.0,0.0
1611776607832462,502.0,0.0,0.0,0.0,0.0
1611776607836462,501.9,0.0,0.0,0.0,0.0
1611776607840462,501.8,0.0,0.0,0.0,0.0
1611776607844462,501.7,0.0,0.0,0.0,0.0
1611776607848462,502.2,0.0,0.0,0.0,0.0
1611776607852462,502.7,0.0,0.0,0.0,0.0
1611776607856462,503.0,0.0,0.0,0.0,0.0
1611776607860462,502.1,0.0,0.0,0.0,0.0
1611776607864462,503.0,0.0,0.0,0.0,0.0
1611776607868462,503.1,0.0,0.0,0.0,0.0
1611776607872462,501.8,0.0,0.0,0.0,0.0
1611776607876462,505.7,0.0,0.0,0.0,0.0
1611776607880462,500.0,0.0,0.0,0.0,0.0
1611776607884462,503.2,0.0,0.0,0.0,0.0
1611776607888462,502.5,0.0,0.0,0.0,0.0
1611776607892462,501.3,0.0,0.0,0.0,0.0
1611776607896462,501.9,0.0,0.0,0.0,0.0
1611776607900462,502.4,0.0,0.0,0.0,0.0
1611776607904462,502.5,0.0,0.0,0.0,0.0
1611776607908462,502.4,0.0,0.0,0.0,0.0
1611776607912462,502.9,0.0,0.0,0.0,0.0
1611776607916462,503.0,0.0,0.0,0.0,0.0
1611776607920462,500.9,0.0,0.0,0.0,0.0
1611776607924462,503.3,0.0,0.0,0.0,0.0
1611776607928462,501.8,0.0,0.0,0.0,0.0
1611776607932462,502.3,0.0,0.0,0.0,0.0
1611776607936462,503.2,0.0,0.0,0.0,0.0
1611776607940462,504.8,0.0,0.0,0.0,0.0
1611776607944462,502.8,0.0,0.0,0.0,0.0
1611776607948462,501.1,0.0,0.0,0.0,0.0
1611776607952462,504.0,0.0,0.0,0.0,0.0
1611776607956462,502.6,0.0,0.0,0.0,0.0
1611776607960310,501.5,0.0,0.0,0.0,0.0
1611776607964310,503.3,0.0,0.0,0.0,0.0
1611776607968310,498.6,0.0,0.0,0.0,0.0
1611776607972310,502.3,0.0,0.0,0.0,0.0
1611776607976310,503.5,0.0,0.0,0.0,0.0
1611776607980310,503.2,0.0,0.0,0.0,0.0
1611776607984310,503.0,0.0,0.0,0.0,0.0
1611776607988310,502.7,0.0,0.0,0.0,0.0
1611776607992310,504.5,0.0,0.0,0.0,0.0
1611776607996310,503.0,0.0,0.0,0.0,0.0
1611776608000310,503.9,0.0,0.0,0.0,0.0
1611776608004310,504.2,0.0,0.0,0.0,0.0
1611776608008310,504.2,0.0,0.0,0.0,0.0
1611776608012310,502.1,0.0,0.0,0.0,0.0
1611776608016310,501.0,0.0,0.0,0.0,0.0
1611776608020310,504.1,0.0,0.0,0.0,0.0
1611776608024310,503.7,0.0,0.0,0.0,0.0
1611776608028310,503.9,0.0,0.0,0.0,0.0
1611776608032310,502.2,0.0,0.0,0.0,0.0
1611776608036310,505.6,0.0,0.0,0.0,0.0
1611776608040310,504.6,0.0,0.0,0.0,0.0
1611776608044310,505.1,0.0,0.0,0.0,0.0
1611776608048310,500.8,0.0,0.0,0.0,0.0
1611776608052310,502.2,0.0,0.0,0.0,0.0
1611776608056310,502.1,0.0,0.0,0.0,0.0
1611776608060310,503.3,0.0,0.0,0.0,0.0
1611776608064310,502.7,0.0,0.0,0.0,0.0
1611776608068310,504.2,0.0,0.0,0.0,0.0
1611776608072310,503.5,0.0,0.0,0.0,0.0
1611776608076310,504.4,0.0,0.0,0.0,0.0
1611776608080310,504.1,0.0,0.0,0.0,0.0
1611776608084310,503.6,0.0,0.0,0.0,0.0
1611776608088310,503.3,0.0,0.0,0.0,0.0
1611776608092310,503.6,0.0,0.0,0.0,0.0
1611776608096310,503.4,0.0,0.0,0.0,0.0
1611776608100310,503.3,0.0,0.0,0.0,0.0
1611776608104310,507.1,0.0,0.0,0.0,0.0
1611776608108310,504.1,0.0,0.0,0.0,0.0
1611776608112310,504.7,0.0,0.0,0.0,0.0
1611776608116310,504.0,0.0,0.0,0.0,0.0
1611776608120310,504.6,0.0,0.0,0.0,0.0
1611776608124310,504.9,0.0,0.0,0.0,0.0
1611776608128310,504.4,0.0,0.0,0.0,0.0
1611776608132310,503.4,0.0,0.0,0.0,0.0
1611776608136310,504.2,0.0,0.0,0.0,0.0
1611776608140310,503.9,0.0,0.0,0.0,0.0
1611776608144310,506.1,0.0,0.0,0.0,0.0
1611776608148310,507.7,0.0,0.0,0.0,0.0
1611776608152159,504.1,0.0,0.0,0.0,0.0
1611776608156159,503.5,0.0,0.0,0.0,0.0
1611776608160159,505.2,0.0,0.0,0.0,0.0
1611776608164159,502.7,0.0,0.0,0.0,0.0
1611776608168159,504.3,0.0,0.0,0.0,0.0
1611776608172159,501.4,0.0,0.0,0.0,0.0
1611776608176159,504.7,0.0,0.0,0.0,0.0
1611776608180159,503.4,0.0,0.0,0.0,0.0
1611776608184159,502.6,0.0,0.0,0.0,0.0
1611776608188159,503.1,0.0,0.0,0.0,0.0
1611776608192159,503.7,0.0,0.0,0.0,0.0
1611776608196159,503.2,0.0,0.0,0.0,0.0
1611776608200159,503.7,0.0,0.0,0.0,0.0
1611776608204159,505.1,0.0,0.0,0.0,0.0
1611776608208159,503.4,0.0,0.0,0.0,0.0
1611776608212159,502.8,0.0,0.0,0.0,0.0
1611776608216159,503.1,0.0,0.0,0.0,0.0
1611776608220159,505.1,0.0,0.0,0.0,0.0
1611776608224159,504.6,0.0,0.0,0.0,0.0
1611776608228159,504.6,0.0,0.0,0.0,0.0
1611776608232159,505.4,0.0,0.0,0.0,0.0
1611776608236159,504.1,0.0,0.0,0.0,0.0
1611776608240159,499.8,0.0,0.0,0.0,0.0
1611776608244159,505.7,0.0,0.0,0.0,0.0
1611776608248159,503.3,0.0,0.0,0.0,0.0
1611776608252159,504.1,0.0,0.0,0.0,0.0
1611776608256159,503.6,0.0,0.0,0.0,0.0
1611776608260159,503.8,0.0,0.0,0.0,0.0
1611776608264159,503.7,0.0,0.0,0.0,0.0
1611776608268159,504.3,0.0,0.0,0.0,0.0
1611776608272159,504.3,0.0,0.0,0.0,0.0
1611776608276159,504.7,0.0,0.0,0.0,0.0
1611776608280159,501.6,0.0,0.0,0.0,0.0
1611776608284159,502.4,0.0,0.0,0.0,0.0
1611776608288159,500.6,0.0,0.0,0.0,0.0
1611776608292159,504.3,0.0,0.0,0.0,0.0
1611776608296159,504.0,0.0,0.0,0.0,0.0
1611776608300159,504.1,0.0,0.0,0.0,0.0
1611776608304159,502.5,0.0,0.0,0.0,0.0
1611776608308159,501.7,0.0,0.0,0.0,0.0
1611776608312159,505.4,0.0,0.0,0.0,0.0
1611776608316159,503.7,0.0,0.0,0.0,0.0
1611776608320159,504.4,0.0,0.0,0.0,0.0
1611776608324159,500.4,0.0,0.0,0.0,0.0
1611776608328159,501.3,0.0,0.0,0.0,0.0
1611776608332159,509.3,0.0,0.0,0.0,0.0
1611776608336159,503.0,0.0,0.0,0.0,0.0
1611776608340159,502.7,0.0,0.0,0.0,0.0
1611776608343997,502.8,0.0,0.0,0.0,0.0
1611776608347997,503.0,0.0,0.0,0.0,0.0
1611776608351997,504.1,0.0,0.0,0.0,0.0
1611776608355997,503.5,0.0,0.0,0.0,0.0
1611776608359997,501.7,0.0,0.0,0.0,0.0
1611776608363997,502.6,0.0,0.0,0.0,0.0
1611776608367997,503.3,0.0,0.0,0.0,0.0
1611776608371997,501.5,0.0,0.0,0.0,0.0
1611776608375997,501.9,0.0,0.0,0.0,0.0
1611776608379997,503.5,0.0,0.0,0.0,0.0
1611776608383997,505.3,0.0,0.0,0.0,0.0
1611776608387997,502.9,0.0,0.0,0.0,0.0
1611776608391997,502.8,0.0,0.0,0.0,0.0
1611776608395997,505.1,0.0,0.0,0.0,0.0
1611776608399997,501.1,0.0,0.0,0.0,0.0
1611776608403997,506.4,0.0,0.0,0.0,0.0
1611776608407997,504.5,0.0,0.0,0.0,0.0
1611776608411997,508.5,0.0,0.0,0.0,0.0
1611776608415997,511.6,0.0,0.0,0.0,0.0
1611776608419997,510.9,0.0,0.0,0.0,0.0
1611776608423997,509.2,0.0,0.0,0.0,0.0
1611776608427997,515.6,0.0,0.0,0.0,0.0
1611776608431997,516.3,0.0,0.0,0.0,0.0
1611776608435997,517.6,0.0,0.0,0.0,0.0
1611776608439997,518.5,0.0,0.0,0.0,0.0
1611776608443997,519.3,0.0,0.0,0.0,0.0
1611776608447997,520.8,0.0,0.0,0.0,0.0
1611776608451997,521.1,0.0,0.0,0.0,0.0
1611776608455997,522.3,0.0,0.0,0.0,0.0
1611776608459997,522.5,0.0,0.0,0.0,0.0
1611776608463997,527.2,0.0,0.0,0.0,0.0
1611776608467997,525.9,0.0,0.0,0.0,0.0
1611776608471997,528.0,0.0,0.0,0.0,0.0
1611776608475997,529.7,0.0,0.0,0.0,0.0
1611776608479997,529.8,0.0,0.0,0.0,0.0
1611776608483997,529.6,0.0,0.0,0.0,0.0
1611776608487997,530.0,0.0,0.0,0.0,0.0
1611776608491997,531.0,0.0,0.0,0.0,0.0
1611776608495997,531.3,0.0,0.0,0.0,0.0
1611776608499997,532.1,0.0,0.0,0.0,0.0
1611776608503997,532.8,0.0,0.0,0.0,0.0
1611776608507997,529.9,0.0,0.0,0.0,0.0
1611776608511997,530.7,0.0,0.0,0.0,0.0
1611776608515997,534.8,0.0,0.0,0.0,0.0
1611776608519997,534.0,0.0,0.0,0.0,0.0
1611776608523997,529.9,0.0,0.0,0.0,0.0
1611776608527997,534.6,0.0,0.0,0.0,0.0
1611776608531997,532.3,0.0,0.0,0.0,0.0
1611776608535843,531.5,0.0,0.0,0.0,0.0
1611776608539843,530.5,0.0,0.0,0.0,0.0
1611776608543843,534.6,0.0,0.0,0.0,0.0
1611776608547843,532.7,0.0,0.0,0.0,0.0
1611776608551843,535.7,0.0,0.0,0.0,0.0
1611776608555843,531.4,0.0,0.0,0.0,0.0
1611776608559843,533.1,0.0,0.0,0.0,0.0
1611776608563843,532.4,0.0,0.0,0.0,0.0
1611776608567843,532.0,0.0,0.0,0.0,0.0
1611776608571843,531.4,0.0,0.0,0.0,0.0
1611776608575843,530.5,0.0,0.0,0.0,0.0
1611776608579843,530.0,0.0,0.0,0.0,0.0
1611776608583843,528.5,0.0,0.0,0.0,0.0
1611776608587843,527.2,0.0,0.0,0.0,0.0
1611776608591843,527.4,0.0,0.0,0.0,0.0
1611776608595843,524.0,0.0,0.0,0.0,0.0
1611776608599843,524.8,0.0,0.0,0.0,0.0
1611776608603843,518.7,0.0,0.0,0.0,0.0
1611776608607843,521.2,0.0,0.0,0.0,0.0
1611776608611843,520.7,0.0,0.0,0.0,0.0
1611776608615843,518.9,0.0,0.0,0.0,0.0
1611776608619843,517.8,0.0,0.0,0.0,0.0
1611776608623843,516.3,0.0,0.0,0.0,0.0
1611776608627843,514.0,0.0,0.0,0.0,0.0
1611776608631843,512.8,0.0,0.0,0.0,0.0
1611776608635843,511.5,0.0,0.0,0.0,0.0
1611776608639843,511.4,0.0,0.0,0.0,0.0
1611776608643843,511.5,0.0,0.0,0.0,0.0
1611776608647843,513.2,0.0,0.0,0.0,0.0
1611776608651843,506.1,0.0,0.0,0.0,0.0
1611776608655843,506.1,0.0,0.0,0.0,0.0
1611776608659843,504.7,0.0,0.0,0.0,0.0
1611776608663843,504.5,0.0,0.0,0.0,0.0
1611776608667843,504.1,0.0,0.0,0.0,0.0
1611776608671843,505.4,0.0,0.0,0.0,0.0
1611776608675843,505.1,0.0,0.0,0.0,0.0
1611776608679843,504.8,0.0,0.0,0.0,0.0
1611776608683843,504.8,0.0,0.0,0.0,0.0
1611776608687843,507.8,0.0,0.0,0.0,0.0
1611776608691843,503.8,0.0,0.0,0.0,0.0
1611776608695843,505.3,0.0,0.0,0.0,0.0
1611776608699843,504.8,0.0,0.0,0.0,0.0
1611776608703843,505.9,0.0,0.0,0.0,0.0
1611776608707843,505.2,0.0,0.0,0.0,0.0
1611776608711843,505.3,0.0,0.0,0.0,0.0
1611776608715843,505.5,0.0,0.0,0.0,0.0
1611776608719843,505.7,0.0,0.0,0.0,0.0
1611776608723843,506.3,0.0,0.0,0.0,0.0
1611776608727690,507.1,0.0,0.0,0.0,0.0
1611776608731690,502.2,0.0,0.0,0.0,0.0
1611776608735690,506.6,0.0,0.0,0.0,0.0
1611776608739690,507.5,0.0,0.0,0.0,0.0
1611776608743690,505.4,0.0,0.0,0.0,0.0
1611776608747690,506.9,0.0,0.0,0.0,0.0
1611776608751690,506.9,0.0,0.0,0.0,0.0
1611776608755690,507.7,0.0,0.0,0.0,0.0
1611776608759690,506.7,0.0,0.0,0.0,0.0
1611776608763690,508.5,0.0,0.0,0.0,0.0
1611776608767690,507.0,0.0,0.0,0.0,0.0
1611776608771690,509.8,0.0,0.0,0.0,0.0
1611776608775690,508.8,0.0,0.0,0.0,0.0
1611776608779690,509.4,0.0,0.0,0.0,0.0
1611776608783690,509.3,0.0,0.0,0.0,0.0
1611776608787690,507.9,0.0,0.0,0.0,0.0
1611776608791690,509.2,0.0,0.0,0.0,0.0
1611776608795690,508.1,0.0,0.0,0.0,0.0
1611776608799690,509.2,0.0,0.0,0.0,0.0
1611776608803690,509.3,0.0,0.0,0.0,0.0
1611776608807690,505.8,0.0,0.0,0.0,0.0
1611776608811690,504.2,0.0,0.0,0.0,0.0
1611776608815690,505.9,0.0,0.0,0.0,0.0
1611776608819690,506.4,0.0,0.0,0.0,0.0
1611776608823690,514.0,0.0,0.0,0.0,0.0
1611776608827690,505.8,0.0,0.0,0.0,0.0
1611776608831690,508.2,0.0,0.0,0.0,0.0
1611776608835690,507.8,0.0,0.0,0.0,0.0
1611776608839690,508.1,0.0,0.0,0.0,0.0
1611776608843690,508.3,0.0,0.0,0.0,0.0
1611776608847690,507.7,0.0,0.0,0.0,0.0
1611776608851690,506.2,0.0,0.0,0.0,0.0
1611776608855690,508.1,0.0,0.0,0.0,0.0
1611776608859690,506.4,0.0,0.0,0.0,0.0
1611776608863690,508.0,0.0,0.0,0.0,0.0
1611776608867690,504.9,0.0,0.0,0.0,0.0
1611776608871690,507.4,0.0,0.0,0.0,0.0
1611776608875690,505.9,0.0,0.0,0.0,0.0
1611776608879690,506.0,0.0,0.0,0.0,0.0
1611776608883690,505.9,0.0,0.0,0.0,0.0
1611776608887690,505.6,0.0,0.0,0.0,0.0
1611776608891690,505.1,0.0,0.0,0.0,0.0
1611776608895690,505.7,0.0,0.0,0.0,0.0
1611776608899690,505.6,0.0,0.0,0.0,0.0
1611776608903690,505.6,0.0,0.0,0.0,0.0
1611776608907690,504.5,0.0,0.0,0.0,0.0
1611776608911690,507.5,0.0,0.0,0.0,0.0
1611776608915690,506.0,0.0,0.0,0.0,0.0
1611776608919538,506.4,0.0,0.0,0.0,0.0
1611776608923538,504.1,0.0,0.0,0.0,0.0
1611776608927538,505.1,0.0,0.0,0.0,0.0
1611776608931538,504.1,0.0,0.0,0.0,0.0
1611776608935538,505.8,0.0,0.0,0.0,0.0
1611776608939538,504.0,0.0,0.0,0.0,0.0
1611776608943538,505.3,0.0,0.0,0.0,0.0
1611776608947538,505.3,0.0,0.0,0.0,0.0
1611776608951538,505.0,0.0,0.0,0.0,0.0
1611776608955538,507.3,0.0,0.0,0.0,0.0
1611776608959538,507.1,0.0,0.0,0.0,0.0
1611776608963538,505.8,0.0,0.0,0.0,0.0
1611776608967538,505.0,0.0,0.0,0.0,0.0
1611776608971538,505.0,0.0,0.0,0.0,0.0
1611776608975538,505.4,0.0,0.0,0.0,0.0
1611776608979538,504.7,0.0,0.0,0.0,0.0
1611776608983538,505.2,0.0,0.0,0.0,0.0
1611776608987538,504.6,0.0,0.0,0.0,0.0
1611776608991538,506.8,0.0,0.0,0.0,0.0
1611776608995538,504.3,0.0,0.0,0.0,0.0
1611776608999538,504.7,0.0,0.0,0.0,0.0
1611776609003538,499.9,0.0,0.0,0.0,0.0
1611776609007538,506.7,0.0,0.0,0.0,0.0
1611776609011538,504.7,0.0,0.0,0.0,0.0
1611776609015538,504.9,0.0,0.0,0.0,0.0
1611776609019538,504.8,0.0,0.0,0.0,0.0
1611776609023538,503.9,0.0,0.0,0.0,0.0
1611776609027538,504.0,0.0,0.0,0.0,0.0
1611776609031538,504.0,0.0,0.0,0.0,0.0
1611776609035538,503.8,0.0,0.0,0.0,0.0
1611776609039538,503.9,0.0,0.0,0.0,0.0
1611776609043538,504.2,0.0,0.0,0.0,0.0
1611776609047538,501.2,0.0,0.0,0.0,0.0
1611776609051538,501.8,0.0,0.0,0.0,0.0
1611776609055538,504.6,0.0,0.0,0.0,0.0
1611776609059538,505.0,0.0,0.0,0.0,0.0
1611776609063538,505.0,0.0,0.0,0.0,0.0
1611776609067538,504.5,0.0,0.0,0.0,0.0
1611776609071538,503.7,0.0,0.0,0.0,0.0
1611776609075538,503.9,0.0,0.0,0.0,0.0
1611776609079538,504.1,0.0,0.0,0.0,0.0
1611776609083538,504.2,0.0,0.0,0.0,0.0
1611776609087538,505.0,0.0,0.0,0.0,0.0
1611776609091538,506.6,0.0,0.0,0.0,0.0
1611776609095538,503.7,0.0,0.0,0.0,0.0
1611776609099538,504.2,0.0,0.0,0.0,0.0
1611776609103538,504.5,0.0,0.0,0.0,0.0
1611776609107538,503.8,0.0,0.0,0.0,0.0
1611776609111376,504.5,0.0,0.0,0.0,0.0
1611776609115376,505.8,0.0,0.0,0.0,0.0
1611776609119376,504.6,0.0,0.0,0.0,0.0
1611776609123376,504.6,0.0,0.0,0.0,0.0
1611776609127376,503.8,0.0,0.0,0.0,0.0
1611776609131376,503.7,0.0,0.0,0.0,0.0
1611776609135376,503.6,0.0,0.0,0.0,0.0
1611776609139376,506.0,0.0,0.0,0.0,0.0
1611776609143376,503.2,0.0,0.0,0.0,0.0
1611776609147376,504.7,0.0,0.0,0.0,0.0
1611776609151376,503.9,0.0,0.0,0.0,0.0
1611776609155376,505.0,0.0,0.0,0.0,0.0
1611776609159376,504.3,0.0,0.0,0.0,0.0
1611776609163376,504.4,0.0,0.0,0.0,0.0
1611776609167376,502.5,0.0,0.0,0.0,0.0
1611776609171376,501.4,0.0,0.0,0.0,0.0
1611776609175376,504.4,0.0,0.0,0.0,0.0
1611776609179376,506.2,0.0,0.0,0.0,0.0
1611776609183376,508.5,0.0,0.0,0.0,0.0
1611776609187376,502.8,0.0,0.0,0.0,0.0
1611776609191376,504.5,0.0,0.0,0.0,0.0
1611776609195376,505.2,0.0,0.0,0.0,0.0
1611776609199376,504.2,0.0,0.0,0.0,0.0
1611776609203376,506.5,0.0,0.0,0.0,0.0
1611776609207376,506.7,0.0,0.0,0.0,0.0
1611776609211376,504.7,0.0,0.0,0.0,0.0
1611776609215376,501.0,0.0,0.0,0.0,0.0
1611776609219376,501.2,0.0,0.0,0.0,0.0
1611776609223376,500.6,0.0,0.0,0.0,0.0
1611776609227376,501.0,0.0,0.0,0.0,0.0
1611776609231376,499.3,0.0,0.0,0.0,0.0
1611776609235376,504.6,0.0,0.0,0.0,0.0
1611776609239376,504.8,0.0,0.0,0.0,0.0
1611776609243376,504.4,0.0,0.0,0.0,0.0
1611776609247376,504.4,0.0,0.0,0.0,0.0
1611776609251376,504.6,0.0,0.0,0.0,0.0
1611776609255376,504.3,0.0,0.0,0.0,0.0
1611776609259376,504.7,0.0,0.0,0.0,0.0
1611776609263376,504.4,0.0,0.0,0.0,0.0
1611776609267376,504.9,0.0,0.0,0.0,0.0
1611776609271376,503.8,0.0,0.0,0.0,0.0
1611776609275376,505.1,0.0,0.0,0.0,0.0
1611776609279376,505.3,0.0,0.0,0.0,0.0
1611776609283376,505.0,0.0,0.0,0.0,0.0
1611776609287376,507.1,0.0,0.0,0.0,0.0
1611776609291376,500.9,0.0,0.0,0.0,0.0
1611776609295376,500.2,0.0,0.0,0.0,0.0
1611776609299376,501.2,0.0,0.0,0.0,0.0
1611776609303227,500.1,0.0,0.0,0.0,0.0
1611776609307227,506.3,0.0,0.0,0.0,0.0
1611776609311227,505.7,0.0,0.0,0.0,0.0
1611776609315227,506.1,0.0,0.0,0.0,0.0
1611776609319227,508.6,0.0,0.0,0.0,0.0
1611776609323227,503.5,0.0,0.0,0.0,0.0
1611776609327227,504.4,0.0,0.0,0.0,0.0
1611776609331227,504.5,0.0,0.0,0.0,0.0
1611776609335227,504.4,0.0,0.0,0.0,0.0
1611776609339227,504.9,0.0,0.0,0.0,0.0
1611776609343227,505.3,0.0,0.0,0.0,0.0
1611776609347227,506.2,0.0,0.0,0.0,0.0
1611776609351227,505.7,0.0,0.0,0.0,0.0
1611776609355227,505.3,0.0,0.0,0.0,0.0
1611776609359227,505.5,0.0,0.0,0.0,0.0
1611776609363227,509.1,0.0,0.0,0.0,0.0
1611776609367227,505.6,0.0,0.0,0.0,0.0
1611776609371227,502.2,0.0,0.0,0.0,0.0
1611776609375227,504.4,0.0,0.0,0.0,0.0
1611776609379227,506.4,0.0,0.0,0.0,0.0
1611776609383227,507.4,0.0,0.0,0.0,0.0
1611776609387227,506.4,0.0,0.0,0.0,0.0
1611776609391227,504.3,0.0,0.0,0.0,0.0
1611776609395227,507.0,0.0,0.0,0.0,0.0
1611776609399227,506.4,0.0,0.0,0.0,0.0
1611776609403227,504.3,0.0,0.0,0.0,0.0
1611776609407227,506.9,0.0,0.0,0.0,0.0
1611776609411227,504.7,0.0,0.0,0.0,0.0
1611776609415227,504.2,0.0,0.0,0.0,0.0
1611776609419227,505.3,0.0,0.0,0.0,0.0
1611776609423227,505.1,0.0,0.0,0.0,0.0
1611776609427227,504.4,0.0,0.0,0.0,0.0
1611776609431227,504.6,0.0,0.0,0.0,0.0
1611776609435227,504.3,0.0,0.0,0.0,0.0
1611776609439227,504.8,0.0,0.0,0.0,0.0
1611776609443227,504.8,0.0,0.0,0.0,0.0
1611776609447227,506.6,0.0,0.0,0.0,0.0
1611776609451227,508.1,0.0,0.0,0.0,0.0
1611776609455227,498.7,0.0,0.0,0.0,0.0
1611776609459227,504.9,0.0,0.0,0.0,0.0
1611776609463227,505.2,0.0,0.0,0.0,0.0
1611776609467227,504.6,0.0,0.0,0.0,0.0
1611776609471227,504.4,0.0,0.0,0.0,0.0
1611776609475227,504.2,0.0,0.0,0.0,0.0
1611776609479227,503.5,0.0,0.0,0.0,0.0
1611776609483227,503.3,0.0,0.0,0.0,0.0
1611776609487227,503.2,0.0,0.0,0.0,0.0
1611776609491227,503.4,0.0,0.0,0.0,0.0
1611776609495068,502.2,0.0,0.0,0.0,0.0
1611776609499068,502.8,0.0,0.0,0.0,0.0
1611776609503068,502.5,0.0,0.0,0.0,0.0
1611776609507068,504.0,0.0,0.0,0.0,0.0
1611776609511068,504.3,0.0,0.0,0.0,0.0
1611776609515068,504.6,0.0,0.0,0.0,0.0
1611776609519068,505.2,0.0,0.0,0.0,0.0
1611776609523068,505.2,0.0,0.0,0.0,0.0
1611776609527068,504.7,0.0,0.0,0.0,0.0
1611776609531068,504.4,0.0,0.0,0.0,0.0
1611776609535068,505.5,0.0,0.0,0.0,0.0
1611776609539068,502.8,0.0,0.0,0.0,0.0
1611776609543068,497.6,0.0,0.0,0.0,0.0
1611776609547068,509.3,0.0,0.0,0.0,0.0
1611776609551068,505.9,0.0,0.0,0.0,0.0
1611776609555068,504.9,0.0,0.0,0.0,0.0
1611776609559068,504.5,0.0,0.0,0.0,0.0
1611776609563068,505.9,0.0,0.0,0.0,0.0
1611776609567068,503.5,0.0,0.0,0.0,0.0
1611776609571068,510.0,0.0,0.0,0.0,0.0
1611776609575068,508.8,0.0,0.0,0.0,0.0
1611776609579068,511.8,0.0,0.0,0.0,0.0
1611776609583068,515.0,0.0,0.0,0.0,0.0
1611776609587068,519.0,0.0,0.0,0.0,0.0
1611776609591068,517.1,0.0,0.0,0.0,0.0
1611776609595068,520.7,0.0,0.0,0.0,0.0
1611776609599068,518.3,0.0,0.0,0.0,0.0
1611776609603068,521.0,0.0,0.0,0.0,0.0
1611776609607068,524.8,0.0,0.0,0.0,0.0
1611776609611068,521.3,0.0,0.0,0.0,0.0
1611776609615068,527.6,0.0,0.0,0.0,0.0
1611776609619068,525.5,0.0,0.0,0.0,0.0
1611776609623068,528.6,0.0,0.0,0.0,0.0
1611776609627068,526.5,0.0,0.0,0.0,0.0
1611776609631068,531.5,0.0,0.0,0.0,0.0
1611776609635068,530.2,0.0,0.0,0.0,0.0
1611776609639068,530.8,0.0,0.0,0.0,0.0
1611776609643068,532.3,0.0,0.0,0.0,0.0
1611776609647068,532.9,0.0,0.0,0.0,0.0
1611776609651068,533.6,0.0,0.0,0.0,0.0
1611776609655068,534.8,0.0,0.0,0.0,0.0
1611776609659068,535.7,0.0,0.0,0.0,0.0
1611776609663068,536.1,0.0,0.0,0.0,0.0
1611776609667068,535.6,0.0,0.0,0.0,0.0
1611776609671068,536.5,0.0,0.0,0.0,0.0
1611776609675068,536.6,0.0,0.0,0.0,0.0
1611776609679068,534.9,0.0,0.0,0.0,0.0
1611776609683068,537.6,0.0,0.0,0.0,0.0
1611776609686913,535.6,0.0,0.0,0.0,0.0
1611776609690913,535.9,0.0,0.0,0.0,0.0
1611776609694913,537.0,0.0,0.0,0.0,0.0
1611776609698913,535.1,0.0,0.0,0.0,0.0
1611776609702913,534.9,0.0,0.0,0.0,0.0
1611776609706913,534.6,0.0,0.0,0.0,0.0
1611776609710913,532.9,0.0,0.0,0.0,0.0
1611776609714913,534.3,0.0,0.0,0.0,0.0
1611776609718913,533.6,0.0,0.0,0.0,0.0
1611776609722913,524.7,0.0,0.0,0.0,0.0
1611776609726913,537.8,0.0,0.0,0.0,0.0
1611776609730913,529.3,0.0,0.0,0.0,0.0
1611776609734913,529.9,0.0,0.0,0.0,0.0
1611776609738913,528.5,0.0,0.0,0.0,0.0
1611776609742913,527.9,0.0,0.0,0.0,0.0
1611776609746913,526.8,0.0,0.0,0.0,0.0
1611776609750913,524.8,0.0,0.0,0.0,0.0
1611776609754913,525.0,0.0,0.0,0.0,0.0
1611776609758913,520.7,0.0,0.0,0.0,0.0
1611776609762913,519.9,0.0,0.0,0.0,0.0
1611776609766913,522.7,0.0,0.0,0.0,0.0
1611776609770913,519.9,0.0,0.0,0.0,0.0
1611776609774913,515.0,0.0,0.0,0.0,0.0
1611776609778913,518.6,0.0,0.0,0.0,0.0
1611776609782913,518.0,0.0,0.0,0.0,0.0
1611776609786913,513.9,0.0,0.0,0.0,0.0
1611776609790913,513.9,0.0,0.0,0.0,0.0
1611776609794913,512.8,0.0,0.0,0.0,0.0
1611776609798913,508.6,0.0,0.0,0.0,0.0
1611776609802913,508.7,0.0,0.0,0.0,0.0
1611776609806913,508.7,0.0,0.0,0.0,0.0
1611776609810913,506.4,0.0,0.0,0.0,0.0
1611776609814913,506.0,0.0,0.0,0.0,0.0
1611776609818913,505.3,0.0,0.0,0.0,0.0
1611776609822913,505.3,0.0,0.0,0.0,0.0
1611776609826913,505.3,0.0,0.0,0.0,0.0
1611776609830913,504.9,0.0,0.0,0.0,0.0
1611776609834913,504.8,0.0,0.0,0.0,0.0
1611776609838913,505.1,0.0,0.0,0.0,0.0
1611776609842913,505.2,0.0,0.0,0.0,0.0
1611776609846913,506.4,0.0,0.0,0.0,0.0
1611776609850913,505.3,0.0,0.0,0.0,0.0
1611776609854913,503.2,0.0,0.0,0.0,0.0
1611776609858913,507.3,0.0,0.0,0.0,0.0
1611776609862913,504.9,0.0,0.0,0.0,0.0
1611776609866913,508.1,0.0,0.0,0.0,0.0
1611776609870913,503.9,0.0,0.0,0.0,0.0
1611776609874913,509.5,0.0,0.0,0.0,0.0
1611776609878756,505.1,0.0,0.0,0.0,0.0
1611776609882756,505.2,0.0,0.0,0.0,0.0
1611776609886756,505.0,0.0,0.0,0.0,0.0
1611776609890756,504.8,0.0,0.0,0.0,0.0
1611776609894756,508.4,0.0,0.0,0.0,0.0
1611776609898756,507.4,0.0,0.0,0.0,0.0
1611776609902756,501.1,0.0,0.0,0.0,0.0
1611776609906756,506.8,0.0,0.0,0.0,0.0
1611776609910756,509.3,0.0,0.0,0.0,0.0
1611776609914756,508.6,0.0,0.0,0.0,0.0
1611776609918756,508.5,0.0,0.0,0.0,0.0
1611776609922756,508.6,0.0,0.0,0.0,0.0
1611776609926756,507.4,0.0,0.0,0.0,0.0
1611776609930756,510.1,0.0,0.0,0.0,0.0
1611776609934756,509.2,0.0,0.0,0.0,0.0
1611776609938756,505.3,0.0,0.0,0.0,0.0
1611776609942756,508.4,0.0,0.0,0.0,0.0
1611776609946756,506.9,0.0,0.0,0.0,0.0
1611776609950756,507.4,0.0,0.0,0.0,0.0
1611776609954756,508.7,0.0,0.0,0.0,0.0
1611776609958756,504.0,0.0,0.0,0.0,0.0
1611776609962756,508.1,0.0,0.0,0.0,0.0
1611776609966756,503.0,0.0,0.0,0.0,0.0
1611776609970756,504.5,0.0,0.0,0.0,0.0
1611776609974756,504.9,0.0,0.0,0.0,0.0
1611776609978756,505.7,0.0,0.0,0.0,0.0
1611776609982756,503.1,0.0,0.0,0.0,0.0
1611776609986756,506.3,0.0,0.0,0.0,0.0
1611776609990756,509.4,0.0,0.0,0.0,0.0
1611776609994756,503.2,0.0,0.0,0.0,0.0
1611776609998756,506.5,0.0,0.0,0.0,0.0
1611776610002756,506.0,0.0,0.0,0.0,0.0
1611776610006756,505.9,0.0,0.0,0.0,0.0
1611776610010756,506.3,0.0,0.0,0.0,0.0
1611776610014756,506.9,0.0,0.0,0.0,0.0
1611776610018756,506.1,0.0,0.0,0.0,0.0
1611776610022756,507.0,0.0,0.0,0.0,0.0
1611776610026756,505.4,0.0,0.0,0.0,0.0
1611776610030756,506.7,0.0,0.0,0.0,0.0
1611776610034756,505.7,0.0,0.0,0.0,0.0
1611776610038756,507.2,0.0,0.0,0.0,0.0
1611776610042756,507.0,0.0,0.0,0.0,0.0
1611776610046756,505.4,0.0,0.0,0.0,0.0
1611776610050756,506.5,0.0,0.0,0.0,0.0
1611776610054756,508.7,0.0,0.0,0.0,0.0
1611776610058756,507.3,0.0,0.0,0.0,0.0
1611776610062756,506.2,0.0,0.0,0.0,0.0
1611776610066756,507.7,0.0,0.0,0.0,0.0
1611776610070602,506.3,0.0,0.0,0.0,0.0
1611776610074602,507.8,0.0,0.0,0.0,0.0
1611776610078602,508.1,0.0,0.0,0.0,0.0
1611776610082602,502.5,0.0,0.0,0.0,0.0
1611776610086602,503.6,0.0,0.0,0.0,0.0
1611776610090602,505.1,0.0,0.0,0.0,0.0
1611776610094602,505.6,0.0,0.0,0.0,0.0
1611776610098602,506.1,0.0,0.0,0.0,0.0
1611776610102602,505.5,0.0,0.0,0.0,0.0
1611776610106602,506.1,0.0,0.0,0.0,0.0
1611776610110602,505.4,0.0,0.0,0.0,0.0
1611776610114602,506.4,0.0,0.0,0.0,0.0
1611776610118602,506.3,0.0,0.0,0.0,0.0
1611776610122602,505.7,0.0,0.0,0.0,0.0
1611776610126602,506.8,0.0,0.0,0.0,0.0
1611776610130602,504.8,0.0,0.0,0.0,0.0
1611776610134602,506.5,0.0,0.0,0.0,0.0
1611776610138602,506.3,0.0,0.0,0.0,0.0
1611776610142602,506.6,0.0,0.0,0.0,0.0
1611776610146602,505.9,0.0,0.0,0.0,0.0
1611776610150602,505.8,0.0,0.0,0.0,0.0
1611776610154602,506.1,0.0,0.0,0.0,0.0
1611776610158602,506.6,0.0,0.0,0.0,0.0
1611776610162602,506.5,0.0,0.0,0.0,0.0
1611776610166602,506.0,0.0,0.0,0.0,0.0
1611776610170602,503.7,0.0,0.0,0.0,0.0
1611776610174602,506.9,0.0,0.0,0.0,0.0
1611776610178602,506.2,0.0,0.0,0.0,0.0
1611776610182602,505.4,0.0,0.0,0.0,0.0
1611776610186602,505.8,0.0,0.0,0.0,0.0
1611776610190602,505.5,0.0,0.0,0.0,0.0
1611776610194602,505.7,0.0,0.0,0.0,0.0
1611776610198602,505.1,0.0,0.0,0.0,0.0
1611776610202602,505.7,0.0,0.0,0.0,0.0
1611776610206602,505.2,0.0,0.0,0.0,0.0
1611776610210602,504.8,0.0,0.0,0.0,0.0
1611776610214602,505.7,0.0,0.0,0.0,0.0
1611776610218602,508.8,0.0,0.0,0.0,0.0
1611776610222602,502.8,0.0,0.0,0.0,0.0
1611776610226602,506.6,0.0,0.0,0.0,0.0
1611776610230602,504.8,0.0,0.0,0.0,0.0
1611776610234602,506.7,0.0,0.0,0.0,0.0
1611776610238602,506.9,0.0,0.0,0.0,0.0
1611776610242602,504.9,0.0,0.0,0.0,0.0
1611776610246602,505.2,0.0,0.0,0.0,0.0
1611776610250602,504.1,0.0,0.0,0.0,0.0
1611776610254602,502.8,0.0,0.0,0.0,0.0
1611776610258602,504.5,0.0,0.0,0.0,0.0
1611776610262446,500.2,0.0,0.0,0.0,0.0
1611776610266446,503.4,0.0,0.0,0.0,0.0
1611776610270446,504.8,0.0,0.0,0.0,0.0
1611776610274446,505.9,0.0,0.0,0.0,0.0
1611776610278446,506.1,0.0,0.0,0.0,0.0
1611776610282446,506.8,0.0,0.0,0.0,0.0
1611776610286446,506.5,0.0,0.0,0.0,0.0
1611776610290446,506.0,0.0,0.0,0.0,0.0
1611776610294446,505.2,0.0,0.0,0.0,0.0
1611776610298446,503.6,0.0,0.0,0.0,0.0
1611776610302446,502.6,0.0,0.0,0.0,0.0
1611776610306446,503.0,0.0,0.0,0.0,0.0
1611776610310446,502.8,0.0,0.0,0.0,0.0
1611776610314446,504.3,0.0,0.0,0.0,0.0
1611776610318446,503.5,0.0,0.0,0.0,0.0
1611776610322446,503.8,0.0,0.0,0.0,0.0
1611776610326446,504.2,0.0,0.0,0.0,0.0
1611776610330446,506.7,0.0,0.0,0.0,0.0
1611776610334446,502.1,0.0,0.0,0.0,0.0
1611776610338446,503.5,0.0,0.0,0.0,0.0
1611776610342446,504.2,0.0,0.0,0.0,0.0
1611776610346446,504.7,0.0,0.0,0.0,0.0
1611776610350446,502.3,0.0,0.0,0.0,0.0
1611776610354446,504.9,0.0,0.0,0.0,0.0
1611776610358446,505.3,0.0,0.0,0.0,0.0
1611776610362446,503.7,0.0,0.0,0.0,0.0
1611776610366446,503.4,0.0,0.0,0.0,0.0
1611776610370446,502.9,0.0,0.0,0.0,0.0
1611776610374446,504.0,0.0,0.0,0.0,0.0
1611776610378446,503.2,0.0,0.0,0.0,0.0
1611776610382446,504.1,0.0,0.0,0.0,0.0
1611776610386446,504.0,0.0,0.0,0.0,0.0
1611776610390446,505.6,0.0,0.0,0.0,0.0
1611776610394446,502.0,0.0,0.0,0.0,0.0
1611776610398446,506.1,0.0,0.0,0.0,0.0
1611776610402446,512.4,0.0,0.0,0.0,0.0
1611776610406446,504.8,0.0,0.0,0.0,0.0
1611776610410446,503.6,0.0,0.0,0.0,0.0
1611776610414446,504.1,0.0,0.0,0.0,0.0
1611776610418446,503.8,0.0,0.0,0.0,0.0
1611776610422446,503.2,0.0,0.0,0.0,0.0
1611776610426446,503.8,0.0,0.0,0.0,0.0
1611776610430446,503.7,0.0,0.0,0.0,0.0
1611776610434446,504.6,0.0,0.0,0.0,0.0
1611776610438446,505.1,0.0,0.0,0.0,0.0
1611776610442446,502.4,0.0,0.0,0.0,0.0
1611776610446446,504.4,0.0,0.0,0.0,0.0
1611776610450446,503.8,0.0,0.0,0.0,0.0
1611776610454290,504.2,0.0,0.0,0.0,0.0
1611776610458290,502.8,0.0,0.0,0.0,0.0
1611776610462290,503.0,0.0,0.0,0.0,0.0
1611776610466290,501.0,0.0,0.0,0.0,0.0
1611776610470290,502.6,0.0,0.0,0.0,0.0
1611776610474290,501.8,0.0,0.0,0.0,0.0
1611776610478290,501.7,0.0,0.0,0.0,0.0
1611776610482290,505.4,0.0,0.0,0.0,0.0
1611776610486290,508.8,0.0,0.0,0.0,0.0
1611776610490290,500.0,0.0,0.0,0.0,0.0
1611776610494290,503.0,0.0,0.0,0.0,0.0
1611776610498290,504.1,0.0,0.0,0.0,0.0
1611776610502290,503.4,0.0,0.0,0.0,0.0
1611776610506290,503.4,0.0,0.0,0.0,0.0
1611776610510290,502.5,0.0,0.0,0.0,0.0
1611776610514290,503.8,0.0,0.0,0.0,0.0
1611776610518290,502.8,0.0,0.0,0.0,0.0
1611776610522290,502.4,0.0,0.0,0.0,0.0
1611776610526290,502.8,0.0,0.0,0.0,0.0
1611776610530290,504.5,0.0,0.0,0.0,0.0
1611776610534290,507.8,0.0,0.0,0.0,0.0
1611776610538290,503.0,0.0,0.0,0.0,0.0
1611776610542290,503.8,0.0,0.0,0.0,0.0
1611776610546290,504.2,0.0,0.0,0.0,0.0
1611776610550290,504.4,0.0,0.0,0.0,0.0
1611776610554290,503.9,0.0,0.0,0.0,0.0
1611776610558290,503.5,0.0,0.0,0.0,0.0
1611776610562290,502.9,0.0,0.0,0.0,0.0
1611776610566290,503.5,0.0,0.0,0.0,0.0
1611776610570290,502.3,0.0,0.0,0.0,0.0
1611776610574290,505.0,0.0,0.0,0.0,0.0
1611776610578290,503.1,0.0,0.0,0.0,0.0
1611776610582290,503.7,0.0,0.0,0.0,0.0
1611776610586290,503.8,0.0,0.0,0.0,0.0
1611776610590290,505.0,0.0,0.0,0.0,0.0
1611776610594290,504.1,0.0,0.0,0.0,0.0
1611776610598290,503.5,0.0,0.0,0.0,0.0
1611776610602290,502.8,0.0,0.0,0.0,0.0
1611776610606290,502.9,0.0,0.0,0.0,0.0
1611776610610290,501.9,0.0,0.0,0.0,0.0
1611776610614290,501.9,0.0,0.0,0.0,0.0
1611776610618290,502.0,0.0,0.0,0.0,0.0
1611776610622290,500.7,0.0,0.0,0.0,0.0
1611776610626290,502.4,0.0,0.0,0.0,0.0
1611776610630290,503.1,0.0,0.0,0.0,0.0
1611776610634290,502.6,0.0,0.0,0.0,0.0
1611776610638290,499.9,0.0,0.0,0.0,0.0
1611776610642290,503.7,0.0,0.0,0.0,0.0
1611776610646133,501.3,0.0,0.0,0.0,0.0
1611776610650133,503.6,0.0,0.0,0.0,0.0
1611776610654133,500.4,0.0,0.0,0.0,0.0
1611776610658133,502.9,0.0,0.0,0.0,0.0
1611776610662133,502.3,0.0,0.0,0.0,0.0
1611776610666133,507.6,0.0,0.0,0.0,0.0
1611776610670133,505.8,0.0,0.0,0.0,0.0
1611776610674133,504.2,0.0,0.0,0.0,0.0
1611776610678133,504.7,0.0,0.0,0.0,0.0
1611776610682133,505.6,0.0,0.0,0.0,0.0
1611776610686133,505.9,0.0,0.0,0.0,0.0
1611776610690133,507.8,0.0,0.0,0.0,0.0
1611776610694133,507.0,0.0,0.0,0.0,0.0
1611776610698133,510.6,0.0,0.0,0.0,0.0
1611776610702133,511.4,0.0,0.0,0.0,0.0
1611776610706133,513.2,0.0,0.0,0.0,0.0
1611776610710133,513.2,0.0,0.0,0.0,0.0
1611776610714133,514.7,0.0,0.0,0.0,0.0
1611776610718133,517.6,0.0,0.0,0.0,0.0
1611776610722133,516.5,0.0,0.0,0.0,0.0
1611776610726133,517.3,0.0,0.0,0.0,0.0
1611776610730133,518.3,0.0,0.0,0.0,0.0
1611776610734133,520.3,0.0,0.0,0.0,0.0
1611776610738133,522.3,0.0,0.0,0.0,0.0
1611776610742133,523.3,0.0,0.0,0.0,0.0
1611776610746133,524.5,0.0,0.0,0.0,0.0
1611776610750133,525.3,0.0,0.0,0.0,0.0
1611776610754133,526.2,0.0,0.0,0.0,0.0
1611776610758133,521.8,0.0,0.0,0.0,0.0
1611776610762133,536.1,0.0,0.0,0.0,0.0
1611776610766133,529.1,0.0,0.0,0.0,0.0
1611776610770133,530.0,0.0,0.0,0.0,0.0
1611776610774133,532.1,0.0,0.0,0.0,0.0
1611776610778133,532.9,0.0,0.0,0.0,0.0
1611776610782133,534.3,0.0,0.0,0.0,0.0
1611776610786133,535.1,0.0,0.0,0.0,0.0
1611776610790133,536.1,0.0,0.0,0.0,0.0
1611776610794133,536.8,0.0,0.0,0.0,0.0
1611776610798133,539.1,0.0,0.0,0.0,0.0
1611776610802133,536.7,0.0,0.0,0.0,0.0
1611776610806133,537.4,0.0,0.0,0.0,0.0
1611776610810133,535.7,0.0,0.0,0.0,0.0
1611776610814133,537.1,0.0,0.0,0.0,0.0
1611776610818133,536.7,0.0,0.0,0.0,0.0
1611776610822133,539.1,0.0,0.0,0.0,0.0
1611776610826133,539.3,0.0,0.0,0.0,0.0
1611776610830133,538.2,0.0,0.0,0.0,0.0
1611776610834133,540.5,0.0,0.0,0.0,0.0
1611776610837983,541.4,0.0,0.0,0.0,0.0
1611776610841983,537.0,0.0,0.0,0.0,0.0
1611776610845983,541.9,0.0,0.0,0.0,0.0
1611776610849983,537.6,0.0,0.0,0.0,0.0
1611776610853983,539.7,0.0,0.0,0.0,0.0
1611776610857983,538.5,0.0,0.0,0.0,0.0
1611776610861983,539.7,0.0,0.0,0.0,0.0
1611776610865983,538.2,0.0,0.0,0.0,0.0
1611776610869983,537.6,0.0,0.0,0.0,0.0
1611776610873983,538.5,0.0,0.0,0.0,0.0
1611776610877983,537.9,0.0,0.0,0.0,0.0
1611776610881983,537.4,0.0,0.0,0.0,0.0
1611776610885983,535.1,0.0,0.0,0.0,0.0
1611776610889983,536.2,0.0,0.0,0.0,0.0
1611776610893983,528.7,0.0,0.0,0.0,0.0
1611776610897983,528.4,0.0,0.0,0.0,0.0
1611776610901983,529.3,0.0,0.0,0.0,0.0
1611776610905983,526.6,0.0,0.0,0.0,0.0
1611776610909983,525.1,0.0,0.0,0.0,0.0
1611776610913983,523.1,0.0,0.0,0.0,0.0
1611776610917983,522.3,0.0,0.0,0.0,0.0
1611776610921983,520.6,0.0,0.0,0.0,0.0
1611776610925983,518.4,0.0,0.0,0.0,0.0
1611776610929983,517.0,0.0,0.0,0.0,0.0
1611776610933983,515.9,0.0,0.0,0.0,0.0
1611776610937983,515.2,0.0,0.0,0.0,0.0
1611776610941983,513.7,0.0,0.0,0.0,0.0
1611776610945983,511.5,0.0,0.0,0.0,0.0
1611776610949983,509.9,0.0,0.0,0.0,0.0
1611776610953983,508.1,0.0,0.0,0.0,0.0
1611776610957983,506.5,0.0,0.0,0.0,0.0
1611776610961983,505.9,0.0,0.0,0.0,0.0
1611776610965983,504.3,0.0,0.0,0.0,0.0
1611776610969983,504.2,0.0,0.0,0.0,0.0
1611776610973983,503.1,0.0,0.0,0.0,0.0
1611776610977983,502.9,0.0,0.0,0.0,0.0
1611776610981983,505.7,0.0,0.0,0.0,0.0
1611776610985983,497.9,0.0,0.0,0.0,0.0
1611776610989983,503.4,0.0,0.0,0.0,0.0
1611776610993983,503.6,0.0,0.0,0.0,0.0
1611776610997983,503.5,0.0,0.0,0.0,0.0
1611776611001983,503.8,0.0,0.0,0.0,0.0
1611776611005983,504.1,0.0,0.0,0.0,0.0
1611776611009983,503.7,0.0,0.0,0.0,0.0
1611776611013983,503.4,0.0,0.0,0.0,0.0
1611776611017983,504.0,0.0,0.0,0.0,0.0
1611776611021983,504.1,0.0,0.0,0.0,0.0
1611776611025983,504.3,0.0,0.0,0.0,0.0
1611776611029823,502.4,0.0,0.0,0.0,0.0
1611776611033823,504.6,0.0,0.0,0.0,0.0
1611776611037823,505.3,0.0,0.0,0.0,0.0
1611776611041823,505.0,0.0,0.0,0.0,0.0
1611776611045823,505.3,0.0,0.0,0.0,0.0
1611776611049823,506.1,0.0,0.0,0.0,0.0
1611776611053823,505.2,0.0,0.0,0.0,0.0
1611776611057823,505.6,0.0,0.0,0.0,0.0
1611776611061823,504.8,0.0,0.0,0.0,0.0
1611776611065823,505.7,0.0,0.0,0.0,0.0
1611776611069823,506.6,0.0,0.0,0.0,0.0
1611776611073823,504.9,0.0,0.0,0.0,0.0
1611776611077823,505.0,0.0,0.0,0.0,0.0
1611776611081823,503.9,0.0,0.0,0.0,0.0
1611776611085823,504.4,0.0,0.0,0.0,0.0
1611776611089823,503.9,0.0,0.0,0.0,0.0
1611776611093823,505.0,0.0,0.0,0.0,0.0
1611776611097823,505.5,0.0,0.0,0.0,0.0
1611776611101823,502.0,0.0,0.0,0.0,0.0
1611776611105823,505.6,0.0,0.0,0.0,0.0
1611776611109823,501.4,0.0,0.0,0.0,0.0
1611776611113823,499.8,0.0,0.0,0.0,0.0
1611776611117823,505.0,0.0,0.0,0.0,0.0
1611776611121823,506.7,0.0,0.0,0.0,0.0
1611776611125823,504.2,0.0,0.0,0.0,0.0
1611776611129823,504.5,0.0,0.0,0.0,0.0
1611776611133823,503.7,0.0,0.0,0.0,0.0
1611776611137823,502.0,0.0,0.0,0.0,0.0
1611776611141823,501.6,0.0,0.0,0.0,0.0
1611776611145823,500.8,0.0,0.0,0.0,0.0
1611776611149823,500.0,0.0,0.0,0.0,0.0
1611776611153823,501.3,0.0,0.0,0.0,0.0
1611776611157823,500.2,0.0,0.0,0.0,0.0
1611776611161823,504.4,0.0,0.0,0.0,0.0
1611776611165823,504.9,0.0,0.0,0.0,0.0
1611776611169823,506.1,0.0,0.0,0.0,0.0
1611776611173823,506.4,0.0,0.0,0.0,0.0
1611776611177823,506.4,0.0,0.0,0.0,0.0
1611776611181823,505.8,0.0,0.0,0.0,0.0
1611776611185823,505.8,0.0,0.0,0.0,0.0
1611776611189823,505.8,0.0,0.0,0.0,0.0
1611776611193823,505.8,0.0,0.0,0.0,0.0
1611776611197823,506.1,0.0,0.0,0.0,0.0
1611776611201823,506.6,0.0,0.0,0.0,0.0
1611776611205823,507.8,0.0,0.0,0.0,0.0
1611776611209823,503.3,0.0,0.0,0.0,0.0
1611776611213823,506.3,0.0,0.0,0.0,0.0
1611776611217823,506.3,0.0,0.0,0.0,0.0
1611776611221670,505.5,0.0,0.0,0.0,0.0
1611776611225670,505.7,0.0,0.0,0.0,0.0
1611776611229670,506.1,0.0,0.0,0.0,0.0
1611776611233670,505.6,0.0,0.0,0.0,0.0
1611776611237670,505.3,0.0,0.0,0.0,0.0
1611776611241670,506.5,0.0,0.0,0.0,0.0
1611776611245670,505.4,0.0,0.0,0.0,0.0
1611776611249670,504.3,0.0,0.0,0.0,0.0
1611776611253670,503.7,0.0,0.0,0.0,0.0
1611776611257670,505.6,0.0,0.0,0.0,0.0
1611776611261670,505.9,0.0,0.0,0.0,0.0
1611776611265670,505.3,0.0,0.0,0.0,0.0
1611776611269670,504.2,0.0,0.0,0.0,0.0
1611776611273670,505.6,0.0,0.0,0.0,0.0
1611776611277670,503.9,0.0,0.0,0.0,0.0
1611776611281670,503.7,0.0,0.0,0.0,0.0
1611776611285670,504.0,0.0,0.0,0.0,0.0
1611776611289670,503.3,0.0,0.0,0.0,0.0
1611776611293670,505.7,0.0,0.0,0.0,0.0
1611776611297670,499.9,0.0,0.0,0.0,0.0
1611776611301670,508.4,0.0,0.0,0.0,0.0
1611776611305670,504.8,0.0,0.0,0.0,0.0
1611776611309670,505.1,0.0,0.0,0.0,0.0
1611776611313670,505.2,0.0,0.0,0.0,0.0
1611776611317670,504.9,0.0,0.0,0.0,0.0
1611776611321670,505.5,0.0,0.0,0.0,0.0
1611776611325670,505.1,0.0,0.0,0.0,0.0
1611776611329670,505.4,0.0,0.0,0.0,0.0
1611776611333670,505.4,0.0,0.0,0.0,0.0
1611776611337670,506.2,0.0,0.0,0.0,0.0
1611776611341670,505.9,0.0,0.0,0.0,0.0
1611776611345670,506.5,0.0,0.0,0.0,0.0
1611776611349670,505.4,0.0,0.0,0.0,0.0
1611776611353670,505.9,0.0,0.0,0.0,0.0
1611776611357670,505.7,0.0,0.0,0.0,0.0
1611776611361670,506.1,0.0,0.0,0.0,0.0
1611776611365670,505.8,0.0,0.0,0.0,0.0
1611776611369670,505.7,0.0,0.0,0.0,0.0
1611776611373670,505.8,0.0,0.0,0.0,0.0
1611776611377670,506.1,0.0,0.0,0.0,0.0
1611776611381670,505.9,0.0,0.0,0.0,0.0
1611776611385670,507.5,0.0,0.0,0.0,0.0
1611776611389670,510.2,0.0,0.0,0.0,0.0
1611776611393670,506.0,0.0,0.0,0.0,0.0
1611776611397670,505.7,0.0,0.0,0.0,0.0
1611776611401670,505.9,0.0,0.0,0.0,0.0
1611776611405670,505.6,0.0,0.0,0.0,0.0
1611776611409670,506.3,0.0,0.0,0.0,0.0
1611776611413514,505.8,0.0,0.0,0.0,0.0
1611776611417514,505.4,0.0,0.0,0.0,0.0
1611776611421514,506.1,0.0,0.0,0.0,0.0
1611776611425514,505.9,0.0,0.0,0.0,0.0
1611776611429514,505.5,0.0,0.0,0.0,0.0
1611776611433514,507.3,0.0,0.0,0.0,0.0
1611776611437514,504.1,0.0,0.0,0.0,0.0
1611776611441514,505.6,0.0,0.0,0.0,0.0
1611776611445514,506.3,0.0,0.0,0.0,0.0
1611776611449514,504.5,0.0,0.0,0.0,0.0
1611776611453514,505.4,0.0,0.0,0.0,0.0
1611776611457514,505.7,0.0,0.0,0.0,0.0
1611776611461514,505.8,0.0,0.0,0.0,0.0
1611776611465514,505.5,0.0,0.0,0.0,0.0
1611776611469514,505.4,0.0,0.0,0.0,0.0
1611776611473514,501.5,0.0,0.0,0.0,0.0
1611776611477514,500.4,0.0,0.0,0.0,0.0
1611776611481514,508.6,0.0,0.0,0.0,0.0
1611776611485514,506.0,0.0,0.0,0.0,0.0
1611776611489514,505.5,0.0,0.0,0.0,0.0
1611776611493514,507.4,0.0,0.0,0.0,0.0
1611776611497514,506.2,0.0,0.0,0.0,0.0
1611776611501514,505.4,0.0,0.0,0.0,0.0
1611776611505514,509.7,0.0,0.0,0.0,0.0
1611776611509514,507.4,0.0,0.0,0.0,0.0
1611776611513514,507.6,0.0,0.0,0.0,0.0
1611776611517514,504.7,0.0,0.0,0.0,0.0
1611776611521514,504.6,0.0,0.0,0.0,0.0
1611776611525514,505.8,0.0,0.0,0.0,0.0
1611776611529514,504.6,0.0,0.0,0.0,0.0
1611776611533514,505.5,0.0,0.0,0.0,0.0
1611776611537514,505.8,0.0,0.0,0.0,0.0
1611776611541514,505.3,0.0,0.0,0.0,0.0
1611776611545514,505.4,0.0,0.0,0.0,0.0
1611776611549514,504.9,0.0,0.0,0.0,0.0
1611776611553514,505.1,0.0,0.0,0.0,0.0
1611776611557514,505.1,0.0,0.0,0.0,0.0
1611776611561514,504.9,0.0,0.0,0.0,0.0
1611776611565514,504.8,0.0,0.0,0.0,0.0
1611776611569514,507.5,0.0,0.0,0.0,0.0
1611776611573514,505.3,0.0,0.0,0.0,0.0
1611776611577514,505.7,0.0,0.0,0.0,0.0
1611776611581514,505.4,0.0,0.0,0.0,0.0
1611776611585514,504.8,0.0,0.0,0.0,0.0
1611776611589514,504.2,0.0,0.0,0.0,0.0
1611776611593514,504.9,0.0,0.0,0.0,0.0
1611776611597514,504.5,0.0,0.0,0.0,0.0
1611776611601514,504.9,0.0,0.0,0.0,0.0
1611776611605362,504.5,0.0,0.0,0.0,0.0
1611776611609362,504.5,0.0,0.0,0.0,0.0
1611776611613362,503.1,0.0,0.0,0.0,0.0
1611776611617362,505.8,0.0,0.0,0.0,0.0
1611776611621362,505.0,0.0,0.0,0.0,0.0
1611776611625362,504.9,0.0,0.0,0.0,0.0
1611776611629362,505.5,0.0,0.0,0.0,0.0
1611776611633362,504.4,0.0,0.0,0.0,0.0
1611776611637362,503.9,0.0,0.0,0.0,0.0
1611776611641362,504.8,0.0,0.0,0.0,0.0
1611776611645362,505.3,0.0,0.0,0.0,0.0
1611776611649362,504.9,0.0,0.0,0.0,0.0
1611776611653362,507.1,0.0,0.0,0.0,0.0
1611776611657362,506.5,0.0,0.0,0.0,0.0
1611776611661362,505.4,0.0,0.0,0.0,0.0
1611776611665362,505.6,0.0,0.0,0.0,0.0
1611776611669362,504.6,0.0,0.0,0.0,0.0
1611776611673362,507.7,0.0,0.0,0.0,0.0
1611776611677362,504.1,0.0,0.0,0.0,0.0
1611776611681362,505.4,0.0,0.0,0.0,0.0
1611776611685362,498.9,0.0,0.0,0.0,0.0
1611776611689362,500.4,0.0,0.0,0.0,0.0
1611776611693362,502.4,0.0,0.0,0.0,0.0
1611776611697362,503.0,0.0,0.0,0.0,0.0
1611776611701362,511.3,0.0,0.0,0.0,0.0
1611776611705362,499.3,0.0,0.0,0.0,0.0
1611776611709362,504.2,0.0,0.0,0.0,0.0
1611776611713362,504.1,0.0,0.0,0.0,0.0
1611776611717362,505.1,0.0,0.0,0.0,0.0
1611776611721362,504.7,0.0,0.0,0.0,0.0
1611776611725362,505.9,0.0,0.0,0.0,0.0
1611776611729362,504.7,0.0,0.0,0.0,0.0
1611776611733362,504.3,0.0,0.0,0.0,0.0
1611776611737362,503.9,0.0,0.0,0.0,0.0
1611776611741362,503.2,0.0,0.0,0.0,0.0
1611776611745362,503.4,0.0,0.0,0.0,0.0
1611776611749362,503.5,0.0,0.0,0.0,0.0
1611776611753362,503.5,0.0,0.0,0.0,0.0
1611776611757362,503.4,0.0,0.0,0.0,0.0
1611776611761362,503.7,0.0,0.0,0.0,0.0
1611776611765362,504.6,0.0,0.0,0.0,0.0
1611776611769362,504.3,0.0,0.0,0.0,0.0
1611776611773362,504.5,0.0,0.0,0.0,0.0
1611776611777362,504.9,0.0,0.0,0.0,0.0
1611776611781362,504.3,0.0,0.0,0.0,0.0
1611776611785362,503.9,0.0,0.0,0.0,0.0
1611776611789362,505.3,0.0,0.0,0.0,0.0
1611776611793362,500.9,0.0,0.0,0.0,0.0
1611776611797202,502.6,0.0,0.0,0.0,0.0
1611776611801202,501.4,0.0,0.0,0.0,0.0
1611776611805202,505.3,0.0,0.0,0.0,0.0
1611776611809202,502.1,0.0,0.0,0.0,0.0
1611776611813202,502.8,0.0,0.0,0.0,0.0
1611776611817202,502.6,0.0,0.0,0.0,0.0
1611776611821202,502.6,0.0,0.0,0.0,0.0
1611776611825202,503.0,0.0,0.0,0.0,0.0
1611776611829202,503.3,0.0,0.0,0.0,0.0
1611776611833202,503.6,0.0,0.0,0.0,0.0
1611776611837202,502.9,0.0,0.0,0.0,0.0
1611776611841202,504.1,0.0,0.0,0.0,0.0
1611776611845202,505.3,0.0,0.0,0.0,0.0
1611776611849202,505.8,0.0,0.0,0.0,0.0
1611776611853202,508.6,0.0,0.0,0.0,0.0
1611776611857202,508.8,0.0,0.0,0.0,0.0
1611776611861202,509.6,0.0,0.0,0.0,0.0
1611776611865202,511.9,0.0,0.0,0.0,0.0
1611776611869202,512.8,0.0,0.0,0.0,0.0
1611776611873202,515.3,0.0,0.0,0.0,0.0
1611776611877202,514.2,0.0,0.0,0.0,0.0
1611776611881202,514.4,0.0,0.0,0.0,0.0
1611776611885202,517.1,0.0,0.0,0.0,0.0
1611776611889202,517.3,0.0,0.0,0.0,0.0
1611776611893202,518.1,0.0,0.0,0.0,0.0
1611776611897202,518.6,0.0,0.0,0.0,0.0
1611776611901202,520.7,0.0,0.0,0.0,0.0
1611776611905202,521.5,0.0,0.0,0.0,0.0
1611776611909202,523.2,0.0,0.0,0.0,0.0
1611776611913202,523.9,0.0,0.0,0.0,0.0
1611776611917202,525.6,0.0,0.0,0.0,0.0
1611776611921202,526.9,0.0,0.0,0.0,0.0
1611776611925202,529.8,0.0,0.0,0.0,0.0
1611776611929202,529.2,0.0,0.0,0.0,0.0
1611776611933202,533.2,0.0,0.0,0.0,0.0
1611776611937202,531.4,0.0,0.0,0.0,0.0
1611776611941202,531.9,0.0,0.0,0.0,0.0
1611776611945202,528.2,0.0,0.0,0.0,0.0
1611776611949202,533.5,0.0,0.0,0.0,0.0
1611776611953202,531.3,0.0,0.0,0.0,0.0
1611776611957202,532.7,0.0,0.0,0.0,0.0
1611776611961202,531.8,0.0,0.0,0.0,0.0
1611776611965202,533.4,0.0,0.0,0.0,0.0
1611776611969202,532.5,0.0,0.0,0.0,0.0
1611776611973202,532.2,0.0,0.0,0.0,0.0
1611776611977202,532.8,0.0,0.0,0.0,0.0
1611776611981202,536.2,0.0,0.0,0.0,0.0
1611776611985202,535.9,0.0,0.0,0.0,0.0
1611776611989045,535.3,0.0,0.0,0.0,0.0
1611776611993045,535.5,0.0,0.0,0.0,0.0
1611776611997045,535.3,0.0,0.0,0.0,0.0
1611776612001045,536.8,0.0,0.0,0.0,0.0
1611776612005045,536.0,0.0,0.0,0.0,0.0
1611776612009045,535.7,0.0,0.0,0.0,0.0
1611776612013045,537.3,0.0,0.0,0.0,0.0
1611776612017045,533.1,0.0,0.0,0.0,0.0
1611776612021045,536.1,0.0,0.0,0.0,0.0
1611776612025045,535.3,0.0,0.0,0.0,0.0
1611776612029045,533.7,0.0,0.0,0.0,0.0
1611776612033045,533.9,0.0,0.0,0.0,0.0
1611776612037045,531.2,0.0,0.0,0.0,0.0
1611776612041045,530.6,0.0,0.0,0.0,0.0
1611776612045045,529.3,0.0,0.0,0.0,0.0
1611776612049045,527.4,0.0,0.0,0.0,0.0
1611776612053045,526.6,0.0,0.0,0.0,0.0
1611776612057045,524.2,0.0,0.0,0.0,0.0
1611776612061045,525.3,0.0,0.0,0.0,0.0
1611776612065045,523.4,0.0,0.0,0.0,0.0
1611776612069045,524.4,0.0,0.0,0.0,0.0
1611776612073045,522.6,0.0,0.0,0.0,0.0
1611776612077045,520.7,0.0,0.0,0.0,0.0
1611776612081045,520.0,0.0,0.0,0.0,0.0
1611776612085045,512.4,0.0,0.0,0.0,0.0
1611776612089045,517.0,0.0,0.0,0.0,0.0
1611776612093045,515.3,0.0,0.0,0.0,0.0
1611776612097045,510.1,0.0,0.0,0.0,0.0
1611776612101045,510.2,0.0,0.0,0.0,0.0
1611776612105045,507.7,0.0,0.0,0.0,0.0
1611776612109045,509.4,0.0,0.0,0.0,0.0
1611776612113045,506.9,0.0,0.0,0.0,0.0
1611776612117045,506.6,0.0,0.0,0.0,0.0
1611776612121045,505.9,0.0,0.0,0.0,0.0
1611776612125045,505.5,0.0,0.0,0.0,0.0
1611776612129045,505.5,0.0,0.0,0.0,0.0
1611776612133045,505.5,0.0,0.0,0.0,0.0
1611776612137045,504.7,0.0,0.0,0.0,0.0
1611776612141045,504.7,0.0,0.0,0.0,0.0
1611776612145045,503.8,0.0,0.0,0.0,0.0
1611776612149045,504.4,0.0,0.0,0.0,0.0
1611776612153045,508.7,0.0,0.0,0.0,0.0
1611776612157045,503.0,0.0,0.0,0.0,0.0
1611776612161045,503.5,0.0,0.0,0.0,0.0
1611776612165045,502.5,0.0,0.0,0.0,0.0
1611776612169045,506.1,0.0,0.0,0.0,0.0
1611776612173045,501.7,0.0,0.0,0.0,0.0
1611776612177045,505.8,0.0,0.0,0.0,0.0
