Time,R_IEV,R_FLX,R_PFX,R_INV,R_DFX,R_EVR,R_HEEL
2020-09-24 20:43:21.865992+00:00,,,,,,,
2020-09-24 20:43:21.873992+00:00,,,,,,,
2020-09-24 20:43:21.881992+00:00,,,,,,,
2020-09-24 20:43:21.889992+00:00,,,,,,,
2020-09-24 20:43:21.897992+00:00,,,,,,,
2020-09-24 20:43:21.905992+00:00,,,,,,,
2020-09-24 20:43:21.913992+00:00,,,,,,,
2020-09-24 20:43:21.921992+00:00,,,,,,,
2020-09-24 20:43:21.929992+00:00,,,,,,,
2020-09-24 20:43:21.937992+00:00,,,,,,,
2020-09-24 20:43:21.945992+00:00,,,,,,,
2020-09-24 20:43:21.953992+00:00,,,,,,,
2020-09-24 20:43:21.961992+00:00,,,,,,,
2020-09-24 20:43:21.969992+00:00,,,,,,,
2020-09-24 20:43:21.977992+00:00,,,,,,,
2020-09-24 20:43:21.985992+00:00,,,,,,,
2020-09-24 20:43:21.993992+00:00,,,,,,,
2020-09-24 20:43:22.001992+00:00,,,,,,,
2020-09-24 20:43:22.009992+00:00,,,,,,,
2020-09-24 20:43:22.017992+00:00,,,,,,,
2020-09-24 20:43:22.025992+00:00,,,,,,,
2020-09-24 20:43:22.033992+00:00,,,,,,,
2020-09-24 20:43:22.041992+00:00,,,,,,,
2020-09-24 20:43:22.049992+00:00,,,,,,,
2020-09-24 20:43:22.057992+00:00,,,,,,,
2020-09-24 20:43:22.065992+00:00,,,,,,,
2020-09-24 20:43:22.073992+00:00,,,,,,,
2020-09-24 20:43:22.081992+00:00,,,,,,,
2020-09-24 20:43:22.089992+00:00,,,,,,,
2020-09-24 20:43:22.097992+00:00,,,,,,,
2020-09-24 20:43:22.105992+00:00,,,,,,,
2020-09-24 20:43:22.113992+00:00,,,,,,,
2020-09-24 20:43:22.121992+00:00,,,,,,,
2020-09-24 20:43:22.129992+00:00,,,,,,,
2020-09-24 20:43:22.137992+00:00,,,,,,,
2020-09-24 20:43:22.145992+00:00,,,,,,,
2020-09-24 20:43:22.153992+00:00,,,,,,,
2020-09-24 20:43:22.161992+00:00,,,,,,,
2020-09-24 20:43:22.169992+00:00,,,,,,,
2020-09-24 20:43:22.177992+00:00,,,,,,,
2020-09-24 20:43:22.185992+00:00,,,,,,,
2020-09-24 20:43:22.193992+00:00,,,,,,,
2020-09-24 20:43:22.201992+00:00,,,,,,,
2020-09-24 20:43:22.209992+00:00,,,,,,,
2020-09-24 20:43:22.217992+00:00,,,,,,,
2020-09-24 20:43:22.225992+00:00,,,,,,,
2020-09-24 20:43:22.233992+00:00,,,,,,,
2020-09-24 20:43:22.241992+00:00,,,,,,,
2020-09-24 20:43:22.249992+00:00,,,,,,,
2020-09-24 20:43:22.257992+00:00,,,,,,,
2020-09-24 20:43:22.265992+00:00,,,,,,,
2020-09-24 20:43:22.273992+00:00,,,,,,,
2020-09-24 20:43:22.281992+00:00,,,,,,,
2020-09-24 20:43:22.289992+00:00,,,,,,,
2020-09-24 20:43:22.297992+00:00,,,,,,,
2020-09-24 20:43:22.305992+00:00,,,,,,,
2020-09-24 20:43:22.313992+00:00,,,,,,,
2020-09-24 20:43:22.321992+00:00,,,,,,,
2020-09-24 20:43:22.329992+00:00,,,,,,,
2020-09-24 20:43:22.337992+00:00,,,,,,,
2020-09-24 20:43:22.345992+00:00,,,,,,,
2020-09-24 20:43:22.353992+00:00,,,,,,,
2020-09-24 20:43:22.361992+00:00,,,,,,,
2020-09-24 20:43:22.369992+00:00,,,,,,,
2020-09-24 20:43:22.377992+00:00,,,,,,,
2020-09-24 20:43:22.385992+00:00,,,,,,,
2020-09-24 20:43:22.393992+00:00,,,,,,,
2020-09-24 20:43:22.401992+00:00,,,,,,,
2020-09-24 20:43:22.409992+00:00,,,,,,,
2020-09-24 20:43:22.417992+00:00,,,,,,,
2020-09-24 20:43:22.425992+00:00,,,,,,,
2020-09-24 20:43:22.433992+00:00,,,,,,,
2020-09-24 20:43:22.441992+00:00,,,,,,,
2020-09-24 20:43:22.449992+00:00,,,,,,,
2020-09-24 20:43:22.457992+00:00,,,,,,,
2020-09-24 20:43:22.465992+00:00,,,,,,,
2020-09-24 20:43:22.473992+00:00,,,,,,,
2020-09-24 20:43:22.481992+00:00,,,,,,,
2020-09-24 20:43:22.489992+00:00,,,,,,,
2020-09-24 20:43:22.497992+00:00,,,,,,,
2020-09-24 20:43:22.505992+00:00,,,,,,,
2020-09-24 20:43:22.513992+00:00,,,,,,,
2020-09-24 20:43:22.521992+00:00,,,,,,,
2020-09-24 20:43:22.529992+00:00,,,,,,,
2020-09-24 20:43:22.537992+00:00,,,,,,,
2020-09-24 20:43:22.545992+00:00,,,,,,,
2020-09-24 20:43:22.553992+00:00,,,,,,,
2020-09-24 20:43:22.561992+00:00,,,,,,,
2020-09-24 20:43:22.569992+00:00,,,,,,,
2020-09-24 20:43:22.577992+00:00,,,,,,,
2020-09-24 20:43:22.585992+00:00,,,,,,,
2020-09-24 20:43:22.593992+00:00,,,,,,,
2020-09-24 20:43:22.601992+00:00,,,,,,,
2020-09-24 20:43:22.609992+00:00,,,,,,,
2020-09-24 20:43:22.617992+00:00,,,537.4,544.0,564.3,584.1,368.9
2020-09-24 20:43:22.625992+00:00,,,537.0,544.3,564.8,584.2,369.4
2020-09-24 20:43:22.633992+00:00,,,537.2,544.1,565.0,583.7,368.6
2020-09-24 20:43:22.641992+00:00,,,537.0,543.5,565.3,586.1,369.1
2020-09-24 20:43:22.649992+00:00,,,531.6,535.3,557.9,579.3,367.5
2020-09-24 20:43:22.657992+00:00,,,535.4,542.1,564.9,585.2,371.1
2020-09-24 20:43:22.665992+00:00,,,536.8,542.1,564.0,584.8,369.0
2020-09-24 20:43:22.673992+00:00,,,537.2,542.4,563.2,582.1,367.2
2020-09-24 20:43:22.681992+00:00,,,536.6,543.7,565.9,583.7,369.4
2020-09-24 20:43:22.689992+00:00,,,537.9,543.4,565.2,584.8,368.5
2020-09-24 20:43:22.697992+00:00,,,535.4,540.3,559.9,578.5,364.6
2020-09-24 20:43:22.705992+00:00,,,537.6,542.8,564.1,585.4,369.0
2020-09-24 20:43:22.713992+00:00,,,538.7,543.7,565.1,585.9,368.3
2020-09-24 20:43:22.721992+00:00,,,537.4,543.7,565.2,584.6,369.3
2020-09-24 20:43:22.729992+00:00,,,535.5,542.8,566.0,584.2,370.0
2020-09-24 20:43:22.737992+00:00,,,536.8,543.2,563.8,583.9,369.3
2020-09-24 20:43:22.745992+00:00,,,539.9,545.1,567.0,585.6,369.2
2020-09-24 20:43:22.753992+00:00,,,538.1,543.4,565.1,584.5,368.6
2020-09-24 20:43:22.761992+00:00,,,538.2,543.3,565.3,584.7,368.8
2020-09-24 20:43:22.769992+00:00,,,538.1,543.5,565.7,584.4,368.8
2020-09-24 20:43:22.777992+00:00,,,537.7,543.8,565.3,584.2,369.1
2020-09-24 20:43:22.785992+00:00,,,531.9,537.4,559.4,578.0,362.5
2020-09-24 20:43:22.793992+00:00,,,549.9,553.4,573.8,592.6,372.0
2020-09-24 20:43:22.801992+00:00,,,536.6,543.0,564.8,584.5,370.3
2020-09-24 20:43:22.809992+00:00,,,536.3,542.7,565.3,584.2,369.9
2020-09-24 20:43:22.817992+00:00,,,537.5,542.6,564.8,585.3,369.3
2020-09-24 20:43:22.825992+00:00,,,536.2,542.5,564.9,584.7,370.0
2020-09-24 20:43:22.833992+00:00,,,536.2,542.4,564.9,584.1,369.1
2020-09-24 20:43:22.841992+00:00,,,537.6,544.0,564.4,584.9,369.2
2020-09-24 20:43:22.849992+00:00,,,536.4,543.3,564.6,584.1,370.0
2020-09-24 20:43:22.857992+00:00,,,537.6,544.7,565.8,585.1,368.5
2020-09-24 20:43:22.865992+00:00,,,537.2,542.9,566.3,586.2,368.8
2020-09-24 20:43:22.873992+00:00,,,538.3,542.0,563.2,582.9,367.4
2020-09-24 20:43:22.881992+00:00,,,537.3,542.7,566.2,583.9,368.7
2020-09-24 20:43:22.889992+00:00,,,537.3,543.2,564.6,585.2,369.5
2020-09-24 20:43:22.897992+00:00,,,537.2,543.5,564.1,584.8,369.1
2020-09-24 20:43:22.905992+00:00,,,537.6,542.5,563.9,583.3,368.3
2020-09-24 20:43:22.913992+00:00,,,537.7,542.9,564.1,584.1,369.2
2020-09-24 20:43:22.921992+00:00,,,539.9,546.0,567.7,586.8,370.3
2020-09-24 20:43:22.929992+00:00,,,538.1,543.9,564.4,585.1,368.5
2020-09-24 20:43:22.937992+00:00,,,538.6,543.8,565.8,585.4,369.2
2020-09-24 20:43:22.945992+00:00,,,538.2,543.1,565.3,585.4,368.1
2020-09-24 20:43:22.953992+00:00,,,537.7,543.0,566.1,584.8,369.8
2020-09-24 20:43:22.961992+00:00,,,536.5,543.6,565.7,585.2,370.4
2020-09-24 20:43:22.969992+00:00,,,539.9,545.0,568.1,585.9,368.3
2020-09-24 20:43:22.977992+00:00,,,538.3,543.9,565.5,582.4,367.7
2020-09-24 20:43:22.985992+00:00,,,538.1,542.5,564.2,583.5,368.8
2020-09-24 20:43:22.993992+00:00,,,538.1,542.5,564.6,583.1,368.2
2020-09-24 20:43:23.001992+00:00,,,538.38,544.31,563.83,584.25,367.85
2020-09-24 20:43:23.009992+00:00,,,537.15,543.16,566.07,585.02,369.51
2020-09-24 20:43:23.017992+00:00,,,536.5,543.54,566.18,585.17,368.81
2020-09-24 20:43:23.025992+00:00,,,536.69,543.75,565.78,584.2,370.13
2020-09-24 20:43:23.033992+00:00,,,536.63,542.3,565.06,584.47,369.11
2020-09-24 20:43:23.041992+00:00,,,538.27,543.65,564.85,583.21,367.73
2020-09-24 20:43:23.049992+00:00,,,538.75,543.65,565.83,583.81,368.83
2020-09-24 20:43:23.057992+00:00,,,536.97,542.84,563.32,581.05,365.92
2020-09-24 20:43:23.065992+00:00,,,537.75,544.49,566.14,585.28,369.27
2020-09-24 20:43:23.073992+00:00,,,538.72,542.66,564.34,583.73,367.84
2020-09-24 20:43:23.081992+00:00,,,538.69,543.43,564.75,584.04,368.04
2020-09-24 20:43:23.089992+00:00,,,538.37,543.49,565.83,584.7,368.8
2020-09-24 20:43:23.097992+00:00,,,537.13,543.18,565.66,584.18,368.61
2020-09-24 20:43:23.105992+00:00,,,535.35,542.69,564.6,584.33,369.56
2020-09-24 20:43:23.113992+00:00,,,535.46,542.59,565.32,585.22,370.38
2020-09-24 20:43:23.121992+00:00,,,536.88,542.09,565.08,584.97,369.29
2020-09-24 20:43:23.129992+00:00,,,535.64,542.21,564.8,584.3,369.91
2020-09-24 20:43:23.137992+00:00,,,537.9,542.28,564.69,584.35,368.69
2020-09-24 20:43:23.145992+00:00,,,537.57,543.15,565.64,583.58,366.72
2020-09-24 20:43:23.153992+00:00,,,543.09,546.67,569.3,587.04,369.18
2020-09-24 20:43:23.161992+00:00,,,537.45,542.6,566.11,585.23,369.17
2020-09-24 20:43:23.169992+00:00,,,537.81,543.0,566.2,584.88,368.37
2020-09-24 20:43:23.177992+00:00,,,538.03,543.14,566.86,585.79,369.12
2020-09-24 20:43:23.185992+00:00,,,537.16,542.21,565.78,584.94,368.72
2020-09-24 20:43:23.193992+00:00,,,521.51,525.66,548.68,566.8,358.58
2020-09-24 20:43:23.201992+00:00,,,536.88,543.07,567.53,587.15,370.61
2020-09-24 20:43:23.209992+00:00,,,537.3,541.04,566.35,584.79,368.88
2020-09-24 20:43:23.217992+00:00,,,537.33,541.45,566.42,584.11,369.14
2020-09-24 20:43:23.225992+00:00,,,537.29,541.17,565.8,584.27,369.28
2020-09-24 20:43:23.233992+00:00,,,537.32,541.25,566.85,587.06,368.67
2020-09-24 20:43:23.241992+00:00,,,537.68,542.93,567.07,586.0,368.64
2020-09-24 20:43:23.249992+00:00,,,537.01,542.59,566.64,584.07,369.45
2020-09-24 20:43:23.257992+00:00,,,538.01,542.46,568.0,584.64,367.61
2020-09-24 20:43:23.265992+00:00,,,536.83,540.76,567.0,585.43,369.76
2020-09-24 20:43:23.273992+00:00,,,536.59,541.36,568.13,586.35,369.58
2020-09-24 20:43:23.281992+00:00,,,539.66,542.4,567.78,587.07,369.37
2020-09-24 20:43:23.289992+00:00,1.3630936257890545,-1.3843197964210603,538.18,541.46,567.59,585.25,368.51
2020-09-24 20:43:23.297992+00:00,1.2693972317602986,-1.1298056211182752,536.09,540.55,567.08,585.43,369.52
2020-09-24 20:43:23.305992+00:00,1.319735939771508,-1.0126687443589308,537.01,539.74,567.03,585.8,369.53
2020-09-24 20:43:23.313992+00:00,1.1014057469027716,-1.0938300205193126,535.71,540.5,567.35,585.24,369.92
2020-09-24 20:43:23.321992+00:00,1.0949005849741253,-0.8533241949033507,537.02,539.15,568.07,586.26,368.22
2020-09-24 20:43:23.329992+00:00,1.0576389106332948,-1.1066663387031468,545.18,548.03,575.47,593.21,373.43
2020-09-24 20:43:23.337992+00:00,1.0522639503399551,-0.975556400184978,537.39,540.57,568.03,587.32,369.04
2020-09-24 20:43:23.345992+00:00,1.0925403058818033,-0.8405848614912201,537.94,540.74,570.08,587.22,368.43
2020-09-24 20:43:23.353992+00:00,0.882251087444706,-0.9638710993892632,537.55,540.88,569.27,586.59,368.69
2020-09-24 20:43:23.361992+00:00,0.8378343829092731,-0.7608553922350156,537.77,541.92,568.93,587.56,369.1
2020-09-24 20:43:23.369992+00:00,0.808581709374691,-0.8253690020147967,530.27,534.79,566.48,588.49,371.7
2020-09-24 20:43:23.377992+00:00,0.7246630488979061,-1.0543488337786462,536.39,538.28,568.39,587.79,369.45
2020-09-24 20:43:23.385992+00:00,0.6073628589539812,-0.833329299918997,536.93,540.02,569.39,588.1,369.76
2020-09-24 20:43:23.393992+00:00,0.6091269675580605,-0.9791078615600847,538.43,539.52,569.0,587.7,368.23
2020-09-24 20:43:23.401992+00:00,0.5286975323563619,-0.9814442487553747,538.18,539.42,569.8,588.38,368.29
2020-09-24 20:43:23.409992+00:00,0.21881922512824142,-1.0565959316517841,538.69,539.95,570.09,588.98,368.04
2020-09-24 20:43:23.417992+00:00,0.024370601499986627,-0.978393995486017,535.31,535.76,568.41,588.52,368.78
2020-09-24 20:43:23.425992+00:00,-0.0015710835764693593,-1.004323357540556,538.82,538.87,570.09,589.1,367.5
2020-09-24 20:43:23.433992+00:00,-0.4471254542061722,-0.9341902385170948,539.07,537.94,569.85,589.09,367.12
2020-09-24 20:43:23.441992+00:00,-0.8878337802423968,-0.6549992530483293,538.73,536.56,569.88,591.25,368.13
2020-09-24 20:43:23.449992+00:00,-1.5948098399219361,-1.0409774931945626,537.77,535.7,570.9,592.13,369.17
2020-09-24 20:43:23.457992+00:00,-1.9829621604693695,-1.3763343026633101,538.13,532.58,570.19,592.67,367.84
2020-09-24 20:43:23.465992+00:00,-2.533992480333258,-1.8373607676461294,538.71,532.68,570.73,594.28,367.88
2020-09-24 20:43:23.473992+00:00,-3.2822738221093086,-1.5771251442848884,539.62,530.38,570.19,596.28,367.67
2020-09-24 20:43:23.481992+00:00,-4.354490764650213,-2.61471143928795,538.04,526.69,569.36,597.42,368.9
2020-09-24 20:43:23.489992+00:00,-5.322776097907468,-3.2223979207895908,539.45,525.83,570.96,601.61,368.23
2020-09-24 20:43:23.497992+00:00,-6.362620309000665,-2.708199717671008,538.11,520.87,571.07,605.61,370.2
2020-09-24 20:43:23.505992+00:00,-7.80413142708421,-2.533355411488435,540.02,517.95,570.41,608.99,370.7
2020-09-24 20:43:23.513992+00:00,-9.50863732978519,-3.2197659576546296,536.02,509.95,564.85,606.6,367.58
2020-09-24 20:43:23.521992+00:00,-11.121128022996146,-4.56399584042713,540.46,511.42,568.72,613.53,370.05
2020-09-24 20:43:23.529992+00:00,-12.001464771914135,-4.557005580455855,540.57,508.43,568.31,615.28,369.95
2020-09-24 20:43:23.537992+00:00,-13.182607339545548,-5.127326239253742,541.54,506.67,568.76,618.04,370.06
2020-09-24 20:43:23.545992+00:00,-14.021130594391279,-5.329856967927295,542.05,505.29,568.6,619.42,369.54
2020-09-24 20:43:23.553992+00:00,-15.079901637841152,-5.190613877468754,539.82,501.12,563.02,614.67,366.72
2020-09-24 20:43:23.561992+00:00,-15.916294013128706,-6.146182669411812,542.73,502.87,568.92,624.54,370.93
2020-09-24 20:43:23.569992+00:00,-16.756216558067127,-6.449939692209892,543.9,502.31,569.89,625.29,369.57
2020-09-24 20:43:23.577992+00:00,-17.76796313889394,-6.732860192340628,543.72,502.83,568.33,626.22,370.46
2020-09-24 20:43:23.585992+00:00,-18.555900933005045,-6.508374602159167,544.82,501.3,568.58,626.45,369.37
2020-09-24 20:43:23.593992+00:00,-19.544187513041425,-7.329773227275998,545.42,501.88,569.03,629.58,371.82
2020-09-24 20:43:23.601992+00:00,-19.78776428141528,-6.5404398587370505,543.98,498.73,567.42,630.06,371.32
2020-09-24 20:43:23.609992+00:00,-20.10910455919614,-6.264988893951619,545.2,498.64,567.05,630.08,370.92
2020-09-24 20:43:23.617992+00:00,-21.3844719657242,-7.750453044628844,545.72,498.68,566.29,631.81,371.28
2020-09-24 20:43:23.625992+00:00,-21.73923923780805,-7.614518863779796,546.4,498.26,566.58,632.43,369.82
2020-09-24 20:43:23.633992+00:00,-21.830053299092754,-6.271053693220786,547.62,498.28,566.76,633.96,369.59
2020-09-24 20:43:23.641992+00:00,-22.519951255188776,-5.877589797770135,546.43,498.79,568.73,636.94,374.56
2020-09-24 20:43:23.649992+00:00,-22.808215072956074,-5.772521540539969,545.4,497.05,565.88,635.06,372.33
2020-09-24 20:43:23.657992+00:00,-23.34332437020395,-5.815080669557068,547.79,499.0,566.45,634.98,370.11
2020-09-24 20:43:23.665992+00:00,-23.429364039461095,-5.6512703149833285,547.51,497.14,566.16,636.65,370.3
2020-09-24 20:43:23.673992+00:00,-23.165493422038416,-6.370180785999094,547.21,497.32,565.91,637.68,371.88
2020-09-24 20:43:23.681992+00:00,-23.819412622348935,-6.249309148165055,545.88,496.95,566.86,637.78,372.96
2020-09-24 20:43:23.689992+00:00,-23.591998194883068,-6.223900388377513,551.06,500.37,568.12,639.87,374.04
2020-09-24 20:43:23.697992+00:00,-24.016465446402577,-6.326313979550945,547.64,495.19,565.55,636.34,370.34
2020-09-24 20:43:23.705992+00:00,-24.032694738221533,-6.567944139505076,548.29,496.49,565.07,637.87,370.88
2020-09-24 20:43:23.713992+00:00,-24.116294339492836,-6.481266593074225,547.11,496.7,564.72,635.78,371.08
2020-09-24 20:43:23.721992+00:00,-24.07243524377188,-6.623108767988226,548.32,498.29,565.81,638.21,371.28
2020-09-24 20:43:23.729992+00:00,-23.94072032999967,-7.141759917179925,547.33,496.22,566.34,639.67,372.31
2020-09-24 20:43:23.737992+00:00,-24.274048492778142,-7.031718403145328,547.47,495.57,565.43,639.83,371.28
2020-09-24 20:43:23.745992+00:00,-24.915193788443474,-6.429285844842622,548.06,496.06,565.87,638.3,370.55
2020-09-24 20:43:23.753992+00:00,-25.295722485979216,-6.6212961765860054,547.1,493.57,563.23,637.93,371.6
2020-09-24 20:43:23.761992+00:00,-25.755019999653182,-6.630280405746402,547.92,495.4,564.11,638.27,370.41
2020-09-24 20:43:23.769992+00:00,-25.479368123761635,-6.316330353115962,548.19,496.25,564.4,639.42,371.41
2020-09-24 20:43:23.777992+00:00,-25.323281110379828,-6.695457545197055,549.89,498.7,566.9,643.72,374.08
2020-09-24 20:43:23.785992+00:00,-25.417115499598435,-6.884517604796427,548.13,496.83,562.87,639.29,370.41
2020-09-24 20:43:23.793992+00:00,-25.546427066786528,-6.973334627210324,547.52,494.38,562.17,638.05,371.32
2020-09-24 20:43:23.801992+00:00,-25.8973800818873,-7.119833788767643,547.19,495.33,563.99,641.93,373.04
2020-09-24 20:43:23.809992+00:00,-25.986217855292466,-7.240636326695178,547.63,496.02,563.26,640.96,372.01
2020-09-24 20:43:23.817992+00:00,-26.138589231501864,-7.081633959957438,546.1,494.24,562.58,642.74,373.65
2020-09-24 20:43:23.825992+00:00,-26.54289713755601,-6.790067144100476,547.97,494.96,561.57,641.11,371.85
2020-09-24 20:43:23.833992+00:00,-26.82012446487245,-7.100927801079821,546.55,492.26,558.58,640.34,372.43
2020-09-24 20:43:23.841992+00:00,-26.97290531885274,-7.574493661851021,548.65,495.16,559.08,639.98,370.81
2020-09-24 20:43:23.849992+00:00,-26.685343551681513,-8.243392885751005,548.35,494.34,557.88,640.0,371.38
2020-09-24 20:43:23.857992+00:00,-27.420797724420144,-7.764992293506203,548.84,494.98,557.58,639.87,371.34
2020-09-24 20:43:23.865992+00:00,-27.628032172858447,-8.101798007575555,549.13,494.95,556.83,640.39,371.46
2020-09-24 20:43:23.873992+00:00,-27.61573541420515,-8.28434591860084,547.51,494.73,555.56,641.93,372.49
2020-09-24 20:43:23.881992+00:00,-27.43042520815488,-8.766255847895195,549.28,495.63,555.61,640.74,370.38
2020-09-24 20:43:23.889992+00:00,-27.77040625231915,-8.568572251606996,548.75,495.32,554.17,639.96,371.69
2020-09-24 20:43:23.897992+00:00,-27.7697871597132,-8.952594190425506,547.73,493.42,554.06,640.17,373.02
2020-09-24 20:43:23.905992+00:00,-28.271116584543485,-9.221053962768831,548.6,494.45,553.37,640.18,371.3
2020-09-24 20:43:23.913992+00:00,-28.47059840809349,-9.151200903753251,544.14,490.72,551.1,639.8,371.89
2020-09-24 20:43:23.921992+00:00,-28.06950828201956,-9.28675066498865,550.58,495.15,553.68,642.17,371.93
2020-09-24 20:43:23.929992+00:00,-28.020735445996188,-9.620582671585304,548.89,493.73,551.9,640.87,371.28
2020-09-24 20:43:23.937992+00:00,-28.167616276637503,-10.105863400779961,549.36,494.0,551.92,641.54,371.8
2020-09-24 20:43:23.945992+00:00,-28.236474788308982,-10.121240109383953,548.39,492.83,550.59,640.99,371.18
2020-09-24 20:43:23.953992+00:00,-28.40017686631876,-10.110906212751988,551.57,495.48,552.81,643.65,372.78
2020-09-24 20:43:23.961992+00:00,-28.49439835395436,-10.075167344993734,566.82,508.59,568.15,661.18,381.85
2020-09-24 20:43:23.969992+00:00,-28.52150647791337,-10.264620902370766,547.52,492.2,549.44,640.62,371.29
2020-09-24 20:43:23.977992+00:00,-28.551037384448392,-10.532939532682143,549.61,494.36,551.04,642.13,371.21
2020-09-24 20:43:23.985992+00:00,-28.875956009474635,-10.085083519237452,549.86,493.44,547.87,640.74,370.45
2020-09-24 20:43:23.993992+00:00,-28.637342707842837,-10.559070679751086,548.78,493.04,548.38,641.05,370.65
2020-09-24 20:43:24.001992+00:00,-28.367933128539033,-11.015296960527461,544.05,487.8,543.25,636.43,365.88
2020-09-24 20:43:24.009992+00:00,-28.802081368097266,-11.090826986373433,550.55,493.21,549.15,641.39,371.59
2020-09-24 20:43:24.017992+00:00,-28.717548442724404,-10.8968772063861,552.08,495.0,547.5,642.14,369.9
2020-09-24 20:43:24.025992+00:00,-28.540831345909282,-10.67418865050946,550.55,493.47,547.37,640.96,370.67
2020-09-24 20:43:24.033992+00:00,-28.598537828126016,-10.876230081378672,551.4,494.2,549.71,643.14,371.55
2020-09-24 20:43:24.041992+00:00,-28.5332649845946,-10.643340415504179,547.63,491.06,544.45,638.11,369.31
2020-09-24 20:43:24.049992+00:00,-28.661290635606342,-10.726433166921078,521.49,468.58,520.03,609.22,354.59
2020-09-24 20:43:24.057992+00:00,-28.96695143158331,-10.800007603998118,550.71,494.5,549.0,643.96,374.24
2020-09-24 20:43:24.065992+00:00,-28.87238049980703,-10.788840158931253,549.85,493.68,547.13,641.03,370.69
2020-09-24 20:43:24.073992+00:00,-28.906948096896603,-10.692882233503108,551.08,494.85,547.63,641.76,371.74
2020-09-24 20:43:24.081992+00:00,-28.788844314366518,-10.767705839938355,550.97,492.66,546.93,640.19,369.64
2020-09-24 20:43:24.089992+00:00,-28.570633360490977,-10.82857824285083,549.44,491.67,543.62,638.99,369.09
2020-09-24 20:43:24.097992+00:00,-28.487420979174374,-10.972638580790075,553.35,494.31,547.83,643.65,370.55
2020-09-24 20:43:24.105992+00:00,-28.585515026085417,-10.994142673455956,549.72,494.87,547.59,641.41,371.11
2020-09-24 20:43:24.113992+00:00,-28.773527149281172,-10.645239706797133,551.23,495.38,547.05,642.16,370.72
2020-09-24 20:43:24.121992+00:00,-28.658311006937684,-10.385012761348044,550.45,494.63,546.93,642.37,370.31
2020-09-24 20:43:24.129992+00:00,-28.45929922041681,-10.871844516889674,551.46,495.04,548.01,642.48,371.42
2020-09-24 20:43:24.137992+00:00,-28.32144985380044,-10.902881878756613,554.29,495.84,548.45,645.05,372.39
2020-09-24 20:43:24.145992+00:00,-28.14082713252999,-10.998396606037883,549.56,494.62,545.74,640.82,370.76
2020-09-24 20:43:24.153992+00:00,-28.17726382241862,-11.343967964923857,550.55,494.23,546.78,642.94,371.22
2020-09-24 20:43:24.161992+00:00,-28.251887989155062,-11.230353257198374,551.8,493.38,545.98,641.52,370.18
2020-09-24 20:43:24.169992+00:00,-28.30224978358389,-11.18720378638939,550.56,494.86,547.08,641.89,370.69
2020-09-24 20:43:24.177992+00:00,-28.14858717229547,-11.016940060441724,550.28,495.32,546.66,639.54,370.18
2020-09-24 20:43:24.185992+00:00,-27.54704861311279,-10.928512673534032,551.16,495.54,548.09,640.07,369.94
2020-09-24 20:43:24.193992+00:00,-26.614395743292263,-11.046284623247482,548.77,494.42,547.38,635.35,368.59
2020-09-24 20:43:24.201992+00:00,-25.879111984279653,-9.869261877349746,547.67,495.8,549.42,634.74,368.76
2020-09-24 20:43:24.209992+00:00,-25.403960539300243,-9.02237610279911,546.12,496.67,551.22,633.17,369.51
2020-09-24 20:43:24.217992+00:00,-24.078624594411323,-8.886377547439103,544.08,497.39,553.26,632.24,370.48
2020-09-24 20:43:24.225992+00:00,-23.183807170805323,-7.913330101904497,543.66,496.58,554.79,629.4,370.08
2020-09-24 20:43:24.233992+00:00,-22.89089776456585,-6.902835185296538,541.61,497.4,557.21,628.84,371.02
2020-09-24 20:43:24.241992+00:00,-22.378383751589162,-7.7440969042816885,541.17,500.4,560.25,627.72,370.3
2020-09-24 20:43:24.249992+00:00,-21.63825429784479,-6.991340056347093,539.94,500.97,563.18,625.72,370.07
2020-09-24 20:43:24.257992+00:00,-21.054592174304034,-6.198737919389798,539.14,502.04,564.67,624.57,370.34
2020-09-24 20:43:24.265992+00:00,-20.559610021186597,-5.478557647867015,538.23,502.96,566.63,621.87,370.02
2020-09-24 20:43:24.273992+00:00,-19.489025061637957,-4.81806878996968,537.1,502.32,566.14,617.51,368.63
2020-09-24 20:43:24.281992+00:00,-19.29804955470877,-3.134426798799305,535.32,503.81,569.35,620.43,371.74
2020-09-24 20:43:24.289992+00:00,-18.777601547448675,-2.74151161153041,536.96,505.01,571.95,619.61,369.82
2020-09-24 20:43:24.297992+00:00,-18.310218552293136,-3.0466303624353612,535.3,504.65,570.95,615.61,370.37
2020-09-24 20:43:24.305992+00:00,-18.25705146983601,-2.933188256139787,536.73,507.92,573.58,616.25,369.18
2020-09-24 20:43:24.313992+00:00,-17.12520097952127,-1.8784293802045167,537.1,511.43,576.93,615.55,370.97
2020-09-24 20:43:24.321992+00:00,-16.75307627716504,-0.9192630453311392,534.98,507.91,574.98,612.44,369.81
2020-09-24 20:43:24.329992+00:00,-16.47994396484465,-1.1212731013633892,535.34,511.06,577.19,610.48,368.76
2020-09-24 20:43:24.337992+00:00,-15.511864084741575,-1.431069317941646,532.76,510.77,576.78,608.7,370.99
2020-09-24 20:43:24.345992+00:00,-14.781044074535835,-1.3565036509314619,533.57,512.58,579.44,607.37,369.76
2020-09-24 20:43:24.353992+00:00,-14.165448899666336,-0.5433414127886373,531.78,512.37,578.72,607.53,369.99
2020-09-24 20:43:24.361992+00:00,-13.340975439772432,-0.7462835710276023,534.66,515.79,580.57,605.69,367.66
2020-09-24 20:43:24.369992+00:00,-12.717130138516298,-0.09026687842191147,543.59,525.88,589.72,611.17,371.57
2020-09-24 20:43:24.377992+00:00,-11.793623324409149,0.5985705079024687,531.68,516.77,582.27,603.47,370.28
2020-09-24 20:43:24.385992+00:00,-11.303820485165577,0.08435349386333044,532.78,518.9,583.5,602.84,369.69
2020-09-24 20:43:24.393992+00:00,-10.446972164471935,-0.5361590296767631,532.95,521.04,585.23,602.42,370.33
2020-09-24 20:43:24.401992+00:00,-9.880736292788937,-0.35051676761988204,529.8,519.11,582.61,597.74,368.0
2020-09-24 20:43:24.409992+00:00,-9.488966565766175,0.11586747460573762,516.39,506.95,567.78,581.01,360.36
2020-09-24 20:43:24.417992+00:00,-8.535700634778511,0.3803215919245772,532.1,525.14,588.65,600.85,373.19
2020-09-24 20:43:24.425992+00:00,-7.915188472729587,0.7793437156556984,530.73,524.34,585.93,596.04,370.32
2020-09-24 20:43:24.433992+00:00,-7.560425136257567,1.026682570585645,530.84,526.71,587.28,595.89,370.42
2020-09-24 20:43:24.441992+00:00,-6.896245781174301,1.6707731756969768,529.99,528.68,588.36,593.4,370.89
2020-09-24 20:43:24.449992+00:00,-6.057304506627451,2.064155856920139,531.39,530.54,590.32,594.29,372.38
2020-09-24 20:43:24.457992+00:00,-5.501240255534472,2.2413799180687435,535.49,538.33,597.86,599.79,373.01
2020-09-24 20:43:24.465992+00:00,-4.899882991570262,2.5483179682173844,531.57,534.02,589.1,589.8,369.62
2020-09-24 20:43:24.473992+00:00,-4.678016157763047,3.584817413799968,532.6,536.18,590.24,589.68,370.25
2020-09-24 20:43:24.481992+00:00,-3.994642518211821,3.4554796951947684,532.75,536.79,590.49,588.55,369.36
2020-09-24 20:43:24.489992+00:00,-3.5680555619713554,3.4152364712174057,531.58,537.98,590.74,586.64,370.4
2020-09-24 20:43:24.497992+00:00,-3.742970532750099,4.99903511671879,530.11,537.68,590.27,584.91,369.85
2020-09-24 20:43:24.505992+00:00,-2.6966153573239318,5.604742754358749,531.21,539.69,592.56,584.77,370.89
2020-09-24 20:43:24.513992+00:00,-2.2556551057622234,6.070983335184507,530.91,540.0,590.99,583.02,370.81
2020-09-24 20:43:24.521992+00:00,-1.872666380276472,6.121270537800592,531.37,541.03,591.61,582.21,371.0
2020-09-24 20:43:24.529992+00:00,-1.6037050260139363,5.699453197501017,531.69,541.3,592.77,581.37,369.86
2020-09-24 20:43:24.537992+00:00,-1.5068867155686299,5.84505795949528,529.74,541.69,592.31,581.4,371.05
2020-09-24 20:43:24.545992+00:00,-1.0784742440120898,7.241736089849094,532.93,543.91,595.5,586.13,375.28
2020-09-24 20:43:24.553992+00:00,-0.3420729049908871,7.536235326857397,532.23,546.79,595.01,580.35,369.04
2020-09-24 20:43:24.561992+00:00,-0.17685253039268087,7.107051445476573,533.74,547.59,595.28,579.33,369.42
2020-09-24 20:43:24.569992+00:00,-0.10067135812046812,6.893173205880176,530.83,546.75,594.66,579.79,370.51
2020-09-24 20:43:24.577992+00:00,0.33674788811906,7.156487374163139,529.91,544.89,593.48,579.88,372.8
2020-09-24 20:43:24.585992+00:00,1.2100968137975159,8.375437848690401,530.57,546.83,594.31,580.22,372.67
2020-09-24 20:43:24.593992+00:00,1.804631702426457,8.706765927666108,532.27,547.78,593.12,575.97,369.06
2020-09-24 20:43:24.601992+00:00,2.3673222522903297,9.274462487885051,531.83,547.27,594.06,577.39,370.0
2020-09-24 20:43:24.609992+00:00,2.6757123312390236,9.983793962124636,532.59,548.21,594.13,576.7,369.87
2020-09-24 20:43:24.617992+00:00,2.513092228962011,9.063464901250269,531.77,548.83,593.48,577.18,370.55
2020-09-24 20:43:24.625992+00:00,2.2431024797801054,8.149265059072096,532.67,549.43,596.5,576.68,370.07
2020-09-24 20:43:24.633992+00:00,2.588049445296289,8.90024314585048,535.06,552.2,596.91,576.55,370.19
2020-09-24 20:43:24.641992+00:00,2.830876620750867,9.157145742963243,529.8,548.37,596.04,576.13,370.94
2020-09-24 20:43:24.649992+00:00,3.089386893110272,9.209647329873027,532.46,550.04,596.69,577.32,370.0
2020-09-24 20:43:24.657992+00:00,3.6852043968280404,9.530590375047717,531.55,550.98,596.21,576.47,370.82
2020-09-24 20:43:24.665992+00:00,3.929674148813007,10.387474104555194,530.38,551.31,596.97,574.6,370.86
2020-09-24 20:43:24.673992+00:00,3.753045362999549,10.392002164754288,532.93,553.14,598.8,576.75,371.14
2020-09-24 20:43:24.681992+00:00,3.8404944780113306,10.609299767615482,531.11,552.23,599.85,580.05,375.38
2020-09-24 20:43:24.689992+00:00,4.020656416952476,10.812977729754735,531.6,551.68,596.45,574.08,369.38
2020-09-24 20:43:24.697992+00:00,3.9232836468720866,10.367238493605868,531.55,552.12,597.11,574.39,370.1
2020-09-24 20:43:24.705992+00:00,4.200813745853724,10.822083502329455,532.24,552.41,597.18,574.26,370.05
2020-09-24 20:43:24.713992+00:00,4.386409330763677,10.899343167620785,530.89,551.71,595.86,572.95,369.49
2020-09-24 20:43:24.721992+00:00,4.551352903820139,11.004476795632403,535.12,556.79,602.19,578.67,373.6
2020-09-24 20:43:24.729992+00:00,4.103468811460825,10.501827462964343,549.47,572.63,618.96,594.31,382.69
2020-09-24 20:43:24.737992+00:00,4.316408613660887,10.921264011212536,530.89,551.25,594.05,569.28,366.44
2020-09-24 20:43:24.745992+00:00,5.399187615665086,12.471336823609851,533.23,554.03,596.57,572.85,369.97
2020-09-24 20:43:24.753992+00:00,4.937219643462522,11.188802813117547,532.19,553.61,597.05,574.26,370.45
2020-09-24 20:43:24.761992+00:00,5.225544437880026,10.9805685093835,530.99,552.33,595.69,572.16,369.86
2020-09-24 20:43:24.769992+00:00,5.228110800042722,10.83161526359299,526.84,549.11,591.44,569.03,369.05
2020-09-24 20:43:24.777992+00:00,5.823619768968741,10.189622851772254,532.8,555.53,597.7,572.32,370.19
2020-09-24 20:43:24.785992+00:00,6.146955741534947,10.635538258909833,531.31,553.52,596.02,571.59,370.68
2020-09-24 20:43:24.793992+00:00,6.708846302746318,11.272874791868672,531.07,554.67,596.94,573.17,370.54
2020-09-24 20:43:24.801992+00:00,6.95174681754276,11.095428306576762,532.95,555.39,596.2,571.92,368.42
2020-09-24 20:43:24.809992+00:00,6.5369133572609535,10.581026946267011,533.99,556.56,595.07,569.99,366.96
2020-09-24 20:43:24.817992+00:00,6.775919390679046,10.537657996447418,532.66,554.97,595.69,571.64,369.24
2020-09-24 20:43:24.825992+00:00,6.615267494649696,10.800216971503252,533.0,555.01,595.86,572.92,369.05
2020-09-24 20:43:24.833992+00:00,6.548545282960662,10.507445418753292,533.19,556.52,595.57,571.38,368.3
2020-09-24 20:43:24.841992+00:00,6.7520507642427,10.279396078948306,531.91,555.45,595.15,572.04,369.57
2020-09-24 20:43:24.849992+00:00,6.699771817627914,10.29342282196694,530.95,555.91,596.55,571.71,370.38
2020-09-24 20:43:24.857992+00:00,6.953139689264094,11.131648368286363,533.03,556.41,595.52,572.8,371.49
2020-09-24 20:43:24.865992+00:00,6.851344344277527,10.496859059095987,530.85,555.51,596.46,571.57,370.59
2020-09-24 20:43:24.873992+00:00,6.979272257336305,10.855871009841842,531.38,555.45,595.39,572.71,370.26
2020-09-24 20:43:24.881992+00:00,7.156954738234453,10.911044380895126,531.97,555.39,594.36,572.63,369.92
2020-09-24 20:43:24.889992+00:00,7.198450684137181,10.405613933558305,530.43,554.53,593.42,570.57,370.0
2020-09-24 20:43:24.897992+00:00,7.093729530841766,10.787755023068708,531.19,556.23,595.86,573.34,371.83
2020-09-24 20:43:24.905992+00:00,7.235602033919115,11.441566840025416,537.43,563.17,603.08,579.69,376.28
2020-09-24 20:43:24.913992+00:00,7.514136242716223,11.55020003126958,531.51,554.28,594.35,571.79,368.33
2020-09-24 20:43:24.921992+00:00,6.941688271907842,10.663994182895166,532.49,554.36,593.82,572.86,370.0
2020-09-24 20:43:24.929992+00:00,6.885946509892562,10.600111865446879,532.15,554.91,592.92,570.54,368.88
2020-09-24 20:43:24.937992+00:00,6.9597994465207975,10.878035473524989,530.23,551.97,590.22,570.78,370.01
2020-09-24 20:43:24.945992+00:00,6.7710582261636585,10.502043483791956,531.27,552.56,589.92,570.2,368.49
2020-09-24 20:43:24.953992+00:00,6.3949739195272155,10.879810037254265,532.28,556.36,595.04,573.38,369.46
2020-09-24 20:43:24.961992+00:00,6.082773760727942,10.92629089239939,532.43,554.38,592.33,572.4,368.74
2020-09-24 20:43:24.969992+00:00,5.6883776909550585,10.22722298517127,532.49,553.69,592.23,575.01,369.05
2020-09-24 20:43:24.977992+00:00,5.33267741136372,10.059125920717523,530.12,551.11,590.55,574.23,370.33
2020-09-24 20:43:24.985992+00:00,4.7062063431839505,9.224291985794178,531.29,552.06,590.88,578.25,372.07
2020-09-24 20:43:24.993992+00:00,3.5373162783783356,8.689803534845316,535.37,554.49,593.84,580.82,372.12
2020-09-24 20:43:25.001992+00:00,2.788636259755114,8.456883462992169,530.71,547.59,587.54,578.04,367.9
2020-09-24 20:43:25.009992+00:00,1.8265305751105447,7.149638376245504,529.46,545.99,587.85,581.28,370.23
2020-09-24 20:43:25.017992+00:00,1.0115615519563705,5.707508914758156,528.83,542.29,584.89,583.6,370.54
2020-09-24 20:43:25.025992+00:00,-1.1209390460258033,3.6520129264275183,530.7,539.19,582.22,585.27,368.57
2020-09-24 20:43:25.033992+00:00,-2.8962972891746617,2.6325359592790014,532.58,538.14,581.18,589.6,370.07
2020-09-24 20:43:25.041992+00:00,-4.1190168388705555,0.8649770227517797,533.54,531.42,575.16,593.97,371.34
2020-09-24 20:43:25.049992+00:00,-6.425921171477994,-1.0118763920708995,529.44,524.0,572.82,598.33,369.3
2020-09-24 20:43:25.057992+00:00,-8.532125270831052,-2.268167570725269,530.39,518.65,571.56,602.95,369.76
2020-09-24 20:43:25.065992+00:00,-10.720822343817272,-2.8040675986785377,531.38,514.02,568.0,607.0,369.79
2020-09-24 20:43:25.073992+00:00,-12.534334743514746,-3.9724149460201184,531.37,509.47,564.65,609.99,369.47
2020-09-24 20:43:25.081992+00:00,-13.747518033052355,-4.3421045976472366,536.17,509.64,568.15,617.9,371.34
2020-09-24 20:43:25.089992+00:00,-15.949602610733917,-5.368667246316747,543.24,513.68,574.12,628.52,374.99
2020-09-24 20:43:25.097992+00:00,-17.533222935258166,-5.97434811138274,532.92,501.7,559.39,618.91,369.78
2020-09-24 20:43:25.105992+00:00,-18.658347742199464,-7.0949309054951435,535.93,500.92,561.23,625.41,370.76
2020-09-24 20:43:25.113992+00:00,-19.62660458421358,-7.623568934756713,537.6,499.85,559.85,626.56,370.05
2020-09-24 20:43:25.121992+00:00,-20.509891171739415,-7.903172115670572,537.59,499.76,557.51,626.34,370.29
2020-09-24 20:43:25.129992+00:00,-21.421705717089775,-7.761574318586382,539.3,498.26,556.2,625.93,367.42
2020-09-24 20:43:25.137992+00:00,-22.43359628473987,-8.572074827570797,541.52,499.51,559.38,633.1,370.71
2020-09-24 20:43:25.145992+00:00,-22.855776907339116,-7.9856164173857325,541.26,498.24,557.31,632.65,369.77
2020-09-24 20:43:25.153992+00:00,-22.964748616180138,-7.694874687940008,540.84,499.18,558.33,633.21,370.8
2020-09-24 20:43:25.161992+00:00,-23.34006182941327,-7.964064951804743,541.58,498.12,559.03,634.65,369.87
2020-09-24 20:43:25.169992+00:00,-23.24950201738715,-8.07208961127732,541.5,495.88,557.22,636.39,370.64
2020-09-24 20:43:25.177992+00:00,-23.557927876663,-8.30508954380861,542.76,496.49,557.12,637.22,371.44
2020-09-24 20:43:25.185992+00:00,-23.84077335502656,-8.439610236966184,542.87,496.42,557.46,638.0,370.42
2020-09-24 20:43:25.193992+00:00,-24.162276815692362,-8.69047141202957,542.67,495.25,556.1,637.78,371.1
2020-09-24 20:43:25.201992+00:00,-24.599045432568175,-8.193415402581731,542.93,495.35,556.37,637.38,371.52
2020-09-24 20:43:25.209992+00:00,-24.558787179561715,-8.374072438941903,544.65,496.14,555.61,637.9,369.62
2020-09-24 20:43:25.217992+00:00,-24.91645015881403,-8.150754034152405,543.61,495.88,555.88,638.21,370.27
2020-09-24 20:43:25.225992+00:00,-25.04113795837889,-8.379042673172778,544.67,496.79,556.93,639.01,370.12
2020-09-24 20:43:25.233992+00:00,-25.257163579606694,-8.693094794795373,543.68,496.55,555.9,641.47,371.61
2020-09-24 20:43:25.241992+00:00,-25.561531634056188,-8.433207277422675,544.97,497.04,554.74,640.5,371.55
2020-09-24 20:43:25.249992+00:00,-25.598165298657076,-9.034517684174327,543.34,496.08,554.56,641.36,371.7
2020-09-24 20:43:25.257992+00:00,-25.822818108090182,-9.098410554756088,544.53,495.32,553.08,639.3,370.12
2020-09-24 20:43:25.265992+00:00,-25.909353095440412,-9.271626226109117,543.36,494.09,549.95,635.11,368.61
2020-09-24 20:43:25.273992+00:00,-25.98742309321327,-9.475824134649583,544.43,496.31,553.01,641.59,372.16
2020-09-24 20:43:25.281992+00:00,-26.324754039510847,-9.469626305005596,546.43,495.12,552.54,640.88,370.2
2020-09-24 20:43:25.289992+00:00,-26.2774252069272,-9.798094519570533,545.79,496.74,552.41,640.59,370.53
2020-09-24 20:43:25.297992+00:00,-26.1202665146194,-9.847954245540613,545.62,496.26,551.77,640.61,370.12
2020-09-24 20:43:25.305992+00:00,-26.266694377624063,-9.927705761991845,544.9,495.74,551.86,640.59,369.35
2020-09-24 20:43:25.313992+00:00,-26.564265872330253,-9.64135965994995,548.13,497.74,554.13,642.07,369.9
2020-09-24 20:43:25.321992+00:00,-26.902112521013727,-9.348974099640303,547.69,496.8,553.42,641.44,369.62
2020-09-24 20:43:25.329992+00:00,-26.912616996027865,-9.352149862609995,547.86,497.1,553.53,641.96,369.72
2020-09-24 20:43:25.337992+00:00,-27.23288730019081,-9.016838576315026,547.45,497.64,553.96,642.62,369.84
2020-09-24 20:43:25.345992+00:00,-27.166546556034742,-9.216569903925041,546.75,496.44,553.02,642.93,371.02
2020-09-24 20:43:25.353992+00:00,-27.077488850608677,-9.275472547625428,546.87,496.24,552.1,642.0,370.19
2020-09-24 20:43:25.361992+00:00,-27.21493338416662,-9.332689090903575,546.74,497.45,552.93,642.16,369.7
2020-09-24 20:43:25.369992+00:00,-27.018757179450006,-9.586001172223895,546.84,495.34,552.0,643.57,371.35
2020-09-24 20:43:25.377992+00:00,-27.234384484379934,-9.555217882508053,546.64,496.06,551.49,643.13,370.52
2020-09-24 20:43:25.385992+00:00,-27.493795859613368,-9.756384468305395,546.92,495.62,551.53,642.96,371.05
2020-09-24 20:43:25.393992+00:00,-27.549607669502382,-9.846636595566986,547.39,495.37,550.94,644.41,372.0
2020-09-24 20:43:25.401992+00:00,-27.577149406129582,-10.148954462778713,547.63,495.6,551.52,644.84,372.46
2020-09-24 20:43:25.409992+00:00,-27.79842087687637,-9.977286055499544,547.0,496.74,552.18,643.28,370.48
2020-09-24 20:43:25.417992+00:00,-28.159726015101693,-9.510578813241011,547.8,496.56,551.47,644.24,370.06
2020-09-24 20:43:25.425992+00:00,-27.70852945093028,-10.082634670959516,546.98,496.61,552.11,643.54,371.32
2020-09-24 20:43:25.433992+00:00,-27.715589168458052,-10.263191298381036,546.59,495.12,549.44,643.27,371.03
2020-09-24 20:43:25.441992+00:00,-27.84314639191119,-9.975955434705973,544.03,492.33,548.32,643.35,371.88
2020-09-24 20:43:25.449992+00:00,-28.153799213356596,-9.560757679606,544.83,493.58,550.36,645.74,374.01
2020-09-24 20:43:25.457992+00:00,-28.147294454424117,-9.694464789274408,547.81,495.76,550.98,643.64,370.51
2020-09-24 20:43:25.465992+00:00,-27.993996444180013,-9.296943953884675,547.74,495.71,551.74,644.79,371.63
2020-09-24 20:43:25.473992+00:00,-27.64484957972626,-9.779131744457437,545.9,494.04,549.48,642.5,370.61
2020-09-24 20:43:25.481992+00:00,-27.584535467567004,-9.711864119174233,552.83,501.2,556.9,650.41,375.51
2020-09-24 20:43:25.489992+00:00,-27.844606688012174,-9.156176928063845,564.0,511.02,567.32,662.22,383.81
2020-09-24 20:43:25.497992+00:00,-27.788209048574814,-9.40254500016148,544.6,492.87,548.08,640.41,369.32
2020-09-24 20:43:25.505992+00:00,-27.815819427549357,-9.984248641819386,547.94,496.35,552.38,645.82,372.24
2020-09-24 20:43:25.513992+00:00,-27.65253229469902,-10.071184652119623,546.7,496.21,550.88,645.42,372.28
2020-09-24 20:43:25.521992+00:00,-27.73578886402633,-9.834580667657132,548.32,496.31,550.8,644.76,370.46
2020-09-24 20:43:25.529992+00:00,-27.887512878430122,-9.599004098711463,548.41,496.35,551.55,643.63,370.39
2020-09-24 20:43:25.537992+00:00,-27.981642566671162,-9.48923909708991,547.88,496.26,551.76,645.06,370.57
2020-09-24 20:43:25.545992+00:00,-28.110227209359433,-9.360782017297286,549.79,495.76,550.98,643.92,370.0
2020-09-24 20:43:25.553992+00:00,-27.88820988913165,-9.696109699105603,548.33,495.73,551.64,643.99,370.02
2020-09-24 20:43:25.561992+00:00,-28.042994463770672,-9.512284776230798,547.94,495.72,551.93,644.89,371.09
2020-09-24 20:43:25.569992+00:00,-27.851695905799048,-9.86546436792841,547.53,494.4,549.02,643.46,369.15
2020-09-24 20:43:25.577992+00:00,-27.909411695916084,-9.910907741906897,545.87,493.22,547.66,641.83,367.23
2020-09-24 20:43:25.585992+00:00,-27.962280798053072,-10.004459711184367,548.77,496.57,549.77,645.1,371.08
2020-09-24 20:43:25.593992+00:00,-27.81269263785408,-10.431732844700846,547.16,495.71,549.26,645.34,372.22
2020-09-24 20:43:25.601992+00:00,-27.85356877752932,-10.345278909100887,548.34,495.91,548.3,642.44,370.58
2020-09-24 20:43:25.609992+00:00,-28.146550754285258,-9.999223451464959,548.82,496.28,549.2,643.64,370.55
2020-09-24 20:43:25.617992+00:00,-28.41289143041308,-9.285298983470028,546.82,494.35,548.1,643.84,370.15
2020-09-24 20:43:25.625992+00:00,-28.32084042707894,-9.566575122528782,545.5,493.47,546.96,641.5,368.12
2020-09-24 20:43:25.633992+00:00,-28.306320220578005,-9.883102055190767,548.68,496.64,550.59,645.25,371.74
2020-09-24 20:43:25.641992+00:00,-28.028931154213787,-10.30838326765484,548.78,494.63,547.75,644.45,370.69
2020-09-24 20:43:25.649992+00:00,-27.983608163682252,-10.716710489189406,549.02,496.22,548.25,644.2,370.62
2020-09-24 20:43:25.657992+00:00,-27.998109288910204,-10.837040928330428,548.19,495.41,549.3,643.85,371.24
2020-09-24 20:43:25.665992+00:00,-28.063165110543444,-10.77392686101066,547.49,494.14,547.44,644.87,371.81
2020-09-24 20:43:25.673992+00:00,-28.18223448775859,-10.970773522774197,547.96,494.9,547.59,644.89,371.29
2020-09-24 20:43:25.681992+00:00,-28.038753711943045,-10.441738425312776,548.97,494.45,546.9,644.25,370.17
2020-09-24 20:43:25.689992+00:00,-28.02337210110376,-10.498235297132954,548.59,494.33,546.18,643.32,370.72
2020-09-24 20:43:25.697992+00:00,-28.193134812301448,-10.693326794238196,550.25,496.1,547.5,642.57,368.7
2020-09-24 20:43:25.705992+00:00,-28.188982489515045,-10.58146947667222,551.04,497.68,547.93,643.0,369.69
2020-09-24 20:43:25.713992+00:00,-27.84134658207332,-10.676963754879925,549.42,497.0,549.44,645.02,372.57
2020-09-24 20:43:25.721992+00:00,-27.597316304401566,-10.369287069642816,547.52,494.96,547.5,642.48,371.45
2020-09-24 20:43:25.729992+00:00,-27.117489998897042,-10.136455619144833,548.62,497.34,548.24,640.78,369.14
2020-09-24 20:43:25.737992+00:00,-26.3726801486374,-10.149062977191898,545.69,495.21,547.68,639.08,370.53
2020-09-24 20:43:25.745992+00:00,-25.82439839926759,-9.992368961028408,545.73,497.28,549.51,636.97,369.94
2020-09-24 20:43:25.753992+00:00,-25.00476148640306,-9.266822907883181,545.54,499.44,554.55,639.59,372.76
2020-09-24 20:43:25.761992+00:00,-23.708392494147752,-8.694113582910258,546.68,503.38,560.12,642.37,375.04
2020-09-24 20:43:25.769992+00:00,-22.758405659951823,-8.330483868665315,542.15,499.0,552.54,629.86,367.75
2020-09-24 20:43:25.777992+00:00,-22.39532701138577,-7.49288945721163,539.78,499.84,556.44,628.86,369.52
2020-09-24 20:43:25.785992+00:00,-21.103658382941664,-7.0725866443262175,537.94,500.31,557.63,627.85,370.13
2020-09-24 20:43:25.793992+00:00,-20.613772913482975,-5.927740177433257,537.7,504.02,562.34,626.37,369.26
2020-09-24 20:43:25.801992+00:00,-19.899441252078727,-4.685750300593197,536.31,505.98,567.12,624.61,367.46
2020-09-24 20:43:25.809992+00:00,-19.73367818834217,-3.9896674922751285,532.56,503.85,565.34,620.3,368.25
2020-09-24 20:43:25.817992+00:00,-19.363304063029133,-3.9967279900221597,532.67,504.83,567.46,620.44,370.64
2020-09-24 20:43:25.825992+00:00,-18.89666597878525,-3.0129571967878452,532.43,506.55,570.4,619.08,370.16
2020-09-24 20:43:25.833992+00:00,-18.211723435680568,-2.7098901377162163,530.23,505.56,569.43,615.09,368.93
2020-09-24 20:43:25.841992+00:00,-17.26100005167773,-2.551893234461935,536.81,513.79,579.24,622.53,374.12
2020-09-24 20:43:25.849992+00:00,-16.595784142734793,-1.5115649360721104,543.84,522.75,589.52,630.43,379.39
2020-09-24 20:43:25.857992+00:00,-16.35723003042437,-1.141508321910209,526.39,507.66,573.0,609.66,369.44
2020-09-24 20:43:25.865992+00:00,-15.769522305300844,-0.5989987737530202,530.72,513.68,576.69,611.31,370.6
2020-09-24 20:43:25.873992+00:00,-14.597481856067951,-1.3462948175985103,530.29,515.58,577.37,608.49,369.75
2020-09-24 20:43:25.881992+00:00,-14.003891568878032,-1.084801056194428,528.62,514.39,577.25,606.18,370.23
2020-09-24 20:43:25.889992+00:00,-13.123664888825168,-0.47889863314759773,528.3,515.9,578.04,604.88,370.88
2020-09-24 20:43:25.897992+00:00,-12.178102310289757,-1.4736376430140765,530.32,520.14,582.05,605.32,370.16
2020-09-24 20:43:25.905992+00:00,-11.544714145611154,-0.6780990589607175,528.57,521.52,581.55,603.54,370.65
2020-09-24 20:43:25.913992+00:00,-10.395425170694985,0.7222403839185205,529.06,521.48,581.35,600.0,369.41
2020-09-24 20:43:25.921992+00:00,-9.88942868495422,0.9398007042982922,529.27,523.52,582.59,598.78,369.23
2020-09-24 20:43:25.929992+00:00,-9.214958165706127,0.8537512911163155,530.56,525.37,585.11,599.21,369.02
2020-09-24 20:43:25.937992+00:00,-8.924784144311033,1.1973870076173607,529.48,526.42,586.15,599.48,371.15
2020-09-24 20:43:25.945992+00:00,-8.052047146579802,2.457333967561873,528.63,527.15,587.18,596.97,369.98
2020-09-24 20:43:25.953992+00:00,-7.594305312617848,2.742091605128894,529.35,529.91,589.17,595.99,369.41
2020-09-24 20:43:25.961992+00:00,-7.114107397126546,3.0419274421789484,528.51,529.72,588.06,594.57,369.58
2020-09-24 20:43:25.969992+00:00,-6.806414318581348,2.4787327536184525,528.96,533.0,589.97,595.17,370.56
2020-09-24 20:43:25.977992+00:00,-6.233815238036129,2.556671868678424,525.98,531.42,587.16,590.77,369.06
2020-09-24 20:43:25.985992+00:00,-5.473001150860551,2.892633357218456,523.13,529.3,584.21,585.19,367.12
2020-09-24 20:43:25.993992+00:00,-4.728532959181399,3.1252655310939614,530.86,536.16,591.27,590.22,368.7
2020-09-24 20:43:26.001992+00:00,-3.7873335998616757,3.6565172411542664,527.27,537.68,590.56,587.46,370.67
2020-09-24 20:43:26.009992+00:00,-3.1127799640928098,3.5963263440649964,528.41,540.92,589.51,585.83,370.34
2020-09-24 20:43:26.017992+00:00,-2.4860483252105188,3.85295449093919,530.54,542.61,590.67,585.34,368.19
2020-09-24 20:43:26.025992+00:00,-1.8336040846513484,4.310884093992531,530.26,542.74,590.14,583.83,368.68
2020-09-24 20:43:26.033992+00:00,-1.442793567221343,4.948610556364584,528.06,542.16,590.81,582.84,371.02
2020-09-24 20:43:26.041992+00:00,-0.9295756767922201,5.60359921417389,528.29,545.09,592.21,582.84,370.85
2020-09-24 20:43:26.049992+00:00,-0.5319044013042957,6.5364532615675355,529.38,547.58,593.9,582.46,369.67
2020-09-24 20:43:26.057992+00:00,0.1147643042603022,6.849066518224162,528.69,547.51,593.56,579.52,369.81
2020-09-24 20:43:26.065992+00:00,0.7133958948723174,7.3496722533286825,528.5,549.6,595.07,580.42,371.12
2020-09-24 20:43:26.073992+00:00,1.278664018095221,8.109625151215416,532.7,551.93,597.42,579.9,368.66
2020-09-24 20:43:26.081992+00:00,1.3315461921099812,8.743183449922945,529.17,549.61,594.93,578.1,369.78
2020-09-24 20:43:26.089992+00:00,1.9760954146784295,8.400432949663958,526.8,550.01,596.74,579.39,372.48
2020-09-24 20:43:26.097992+00:00,2.11150576744314,7.999248598865148,527.74,549.8,594.79,577.16,371.25
2020-09-24 20:43:26.105992+00:00,2.669199061840283,8.790846222080983,529.13,550.8,593.36,573.14,368.32
2020-09-24 20:43:26.113992+00:00,3.6674443806976793,10.407942181219733,532.05,555.76,598.71,577.14,371.4
2020-09-24 20:43:26.121992+00:00,4.220246039436176,10.956236747514437,533.21,558.53,602.31,581.73,375.36
2020-09-24 20:43:26.129992+00:00,4.572396542695945,10.855136058468917,529.6,554.09,595.32,573.41,369.15
2020-09-24 20:43:26.137992+00:00,4.554200029395849,10.548801425526648,528.86,553.97,595.53,573.65,370.68
2020-09-24 20:43:26.145992+00:00,4.813090837715649,11.47699615886093,529.72,557.25,598.31,573.42,369.8
2020-09-24 20:43:26.153992+00:00,5.147295924088028,11.968111984601304,530.2,557.33,599.36,573.46,369.8
2020-09-24 20:43:26.161992+00:00,5.548357006352673,12.174271384531911,529.93,557.76,599.97,573.65,370.61
2020-09-24 20:43:26.169992+00:00,6.075330838382862,12.382338021991215,528.44,557.86,599.47,574.44,371.53
2020-09-24 20:43:26.177992+00:00,6.5631052469668765,12.850332706471647,529.84,558.41,600.79,573.81,370.43
2020-09-24 20:43:26.185992+00:00,7.088356997810073,13.690742499497528,529.96,559.03,603.44,572.88,369.97
2020-09-24 20:43:26.193992+00:00,7.151643293862661,14.517107393748773,530.24,558.16,602.48,573.22,370.06
2020-09-24 20:43:26.201992+00:00,6.963902885114715,15.540078222260147,531.47,560.18,604.45,574.03,371.51
2020-09-24 20:43:26.209992+00:00,6.9486486133646,16.322055055394497,529.0,558.57,605.68,575.29,373.45
2020-09-24 20:43:26.217992+00:00,6.895131499189313,15.287046002065338,526.18,554.99,602.91,571.17,371.02
2020-09-24 20:43:26.225992+00:00,6.803612030208006,14.267090900438802,530.77,558.74,605.43,571.96,370.08
2020-09-24 20:43:26.233992+00:00,7.003624387565628,14.702572007843937,529.73,558.12,604.82,572.09,370.66
2020-09-24 20:43:26.241992+00:00,7.18182958511059,14.785017680200998,528.91,557.35,605.28,570.72,369.71
2020-09-24 20:43:26.249992+00:00,6.976935571418104,14.411986328199239,533.33,562.32,611.49,575.96,373.11
2020-09-24 20:43:26.257992+00:00,7.360704218529532,14.690802965213422,536.33,566.44,615.07,579.6,375.27
2020-09-24 20:43:26.265992+00:00,7.594304156944521,15.033897132613623,528.15,557.54,604.62,568.49,368.91
2020-09-24 20:43:26.273992+00:00,6.870803620652112,14.330990278717712,530.84,559.01,606.48,570.99,369.27
2020-09-24 20:43:26.281992+00:00,7.2254259183437215,14.241305392650782,529.14,557.59,608.35,571.58,369.85
2020-09-24 20:43:26.289992+00:00,7.454183912638164,14.654509729609476,528.66,556.92,607.94,571.9,370.99
2020-09-24 20:43:26.297992+00:00,7.384510062136134,14.157659289451956,529.19,558.36,607.22,570.61,370.15
2020-09-24 20:43:26.305992+00:00,7.9631598806467725,15.40768593049172,530.28,559.04,606.05,569.67,369.79
2020-09-24 20:43:26.313992+00:00,8.12239345465144,15.92996330565924,529.45,559.71,607.48,569.9,369.83
2020-09-24 20:43:26.321992+00:00,7.9196853169072465,15.561055238020161,528.67,559.2,606.73,569.6,370.61
2020-09-24 20:43:26.329992+00:00,7.988928690216432,15.472064170663142,530.64,559.78,607.5,571.1,369.41
2020-09-24 20:43:26.337992+00:00,7.990352505045237,15.900325888371004,528.62,558.34,607.17,569.86,368.84
2020-09-24 20:43:26.345992+00:00,8.030401683719303,16.438030855339,528.17,556.9,605.48,568.76,368.22
2020-09-24 20:43:26.353992+00:00,7.977813790708692,16.15809279199297,531.02,557.87,607.3,570.51,369.61
2020-09-24 20:43:26.361992+00:00,8.096134223565082,16.077758305001574,529.42,557.72,607.11,570.86,369.81
2020-09-24 20:43:26.369992+00:00,8.099578396103555,15.783234134816482,529.3,558.82,607.85,570.85,369.87
2020-09-24 20:43:26.377992+00:00,8.040346212540284,15.97526003244328,528.71,558.29,608.01,570.4,371.31
2020-09-24 20:43:26.385992+00:00,8.063512886694587,15.929235140486242,528.76,557.1,605.66,571.43,371.67
2020-09-24 20:43:26.393992+00:00,7.9771853949029365,15.888614958095268,529.14,558.28,606.98,569.3,369.53
2020-09-24 20:43:26.401992+00:00,7.982333144360059,15.997461083632821,527.58,558.1,606.87,570.75,371.88
2020-09-24 20:43:26.409992+00:00,7.88601026643652,15.92598486001719,528.86,557.71,606.46,570.34,370.78
2020-09-24 20:43:26.417992+00:00,7.816611670833884,15.918782408949758,529.17,557.77,606.69,569.67,370.7
2020-09-24 20:43:26.425992+00:00,7.8789029239651835,15.567118837781866,528.9,557.51,605.91,569.27,369.85
2020-09-24 20:43:26.433992+00:00,7.802492354707824,15.226962445085295,528.92,558.29,605.69,570.34,369.42
2020-09-24 20:43:26.441992+00:00,7.752255674412966,15.158910295207091,529.37,559.04,606.38,570.94,369.81
2020-09-24 20:43:26.449992+00:00,7.698801115788856,14.764695197718751,529.38,559.72,607.22,571.05,369.7
2020-09-24 20:43:26.457992+00:00,7.572054729114804,14.984827897437693,529.79,559.42,606.34,571.2,370.04
2020-09-24 20:43:26.465992+00:00,7.794562234231071,16.231014025526903,528.32,558.57,606.4,571.39,371.65
2020-09-24 20:43:26.473992+00:00,7.027441170427785,16.17567703690637,529.57,557.5,605.37,570.8,369.86
2020-09-24 20:43:26.481992+00:00,6.9602502243331825,15.59121782715549,529.55,557.53,605.46,570.15,369.41
2020-09-24 20:43:26.489992+00:00,6.8446342226923855,15.813758157584353,526.06,556.39,605.77,571.86,373.25
2020-09-24 20:43:26.497992+00:00,7.138728357764994,16.67704828849147,527.46,557.61,606.0,571.63,371.99
2020-09-24 20:43:26.505992+00:00,6.993127596338278,16.048640616326747,528.15,557.87,605.05,569.51,370.04
2020-09-24 20:43:26.513992+00:00,6.971585300361691,16.116383946163257,529.56,558.71,604.48,569.09,369.06
2020-09-24 20:43:26.521992+00:00,6.734906446597672,15.847038336858045,528.55,557.21,604.96,571.47,370.37
2020-09-24 20:43:26.529992+00:00,6.916911261199703,15.929320145479721,527.88,556.27,604.71,572.1,370.67
2020-09-24 20:43:26.537992+00:00,7.142618241673437,15.425981870690212,528.58,557.5,604.48,572.04,369.75
2020-09-24 20:43:26.545992+00:00,6.213922230489709,14.10943569325053,527.53,557.23,603.66,572.43,370.89
2020-09-24 20:43:26.553992+00:00,5.609315312198497,13.644514421069678,526.97,555.79,601.75,572.54,370.77
2020-09-24 20:43:26.561992+00:00,5.077108387713183,12.869661923211618,527.69,555.94,602.8,574.8,371.72
2020-09-24 20:43:26.569992+00:00,4.193733562868333,12.230434816337407,528.13,552.43,598.01,573.03,369.73
2020-09-24 20:43:26.577992+00:00,3.447049272609626,11.847801148527132,526.68,548.25,593.79,570.71,367.04
2020-09-24 20:43:26.585992+00:00,2.2858983424439954,10.9005214329701,527.74,551.17,600.12,578.57,369.96
2020-09-24 20:43:26.593992+00:00,1.215010204074463,8.918721021097902,526.95,547.57,597.59,579.59,369.67
2020-09-24 20:43:26.601992+00:00,-0.3820935225839139,7.980992700037323,527.1,544.92,597.11,581.54,369.75
2020-09-24 20:43:26.609992+00:00,-1.674919774473925,7.503038073768569,526.77,541.47,597.22,584.95,370.43
2020-09-24 20:43:26.617992+00:00,-2.9532951723337826,6.580157018184284,526.61,538.76,597.66,588.47,370.87
2020-09-24 20:43:26.625992+00:00,-4.467503370208477,5.973259998922781,527.94,534.19,597.26,589.68,370.17
2020-09-24 20:43:26.633992+00:00,-5.510004840177769,5.609358015589755,527.56,527.92,596.38,592.04,370.37
2020-09-24 20:43:26.641992+00:00,-6.841572055806477,4.911804667988895,528.24,524.84,597.07,595.48,370.73
2020-09-24 20:43:26.649992+00:00,-8.62450018999511,5.080889517439802,528.56,519.51,595.25,596.96,369.73
2020-09-24 20:43:26.657992+00:00,-9.504573188141116,3.59289784268779,529.31,515.19,594.34,599.35,368.27
2020-09-24 20:43:26.665992+00:00,-10.385725186132332,2.499805111014711,530.65,514.95,597.33,604.24,369.52
2020-09-24 20:43:26.673992+00:00,-12.218567219514632,3.046811577223149,530.6,511.75,595.6,608.34,370.16
2020-09-24 20:43:26.681992+00:00,-13.813373271584783,2.1984277492844404,530.79,509.32,594.73,612.97,369.93
2020-09-24 20:43:26.689992+00:00,-15.5737390842873,0.9958763601265799,531.22,507.31,593.16,616.24,369.94
2020-09-24 20:43:26.697992+00:00,-16.68911760247306,0.27358388694768004,531.26,505.64,588.8,618.26,370.67
2020-09-24 20:43:26.705992+00:00,-18.046380220436646,-0.24257613795447022,531.32,503.37,588.6,618.25,370.26
2020-09-24 20:43:26.713992+00:00,-18.942014813431296,-1.080732319035769,531.64,502.68,590.65,622.59,371.24
2020-09-24 20:43:26.721992+00:00,-19.207485393225923,-0.7574149077416457,532.56,502.55,589.37,623.19,370.6
2020-09-24 20:43:26.729992+00:00,-20.135081158251637,-0.4257429582910287,533.73,501.67,589.37,623.61,370.55
2020-09-24 20:43:26.737992+00:00,-20.587151729909287,0.27192818874535923,535.77,503.84,591.4,625.71,370.44
2020-09-24 20:43:26.745992+00:00,-21.147163844265794,0.7933546694656055,536.33,504.2,593.09,627.79,370.4
2020-09-24 20:43:26.753992+00:00,-22.010367780592574,1.4763389729297987,532.61,500.1,592.24,627.86,371.73
2020-09-24 20:43:26.761992+00:00,-23.223247077085894,1.9178451343763112,534.35,502.05,591.33,629.91,371.15
2020-09-24 20:43:26.769992+00:00,-23.193970113590424,1.209471586925122,534.81,500.96,591.66,630.53,370.58
2020-09-24 20:43:26.777992+00:00,-23.596340768008847,1.5610574351544224,533.91,500.45,592.81,631.58,371.99
2020-09-24 20:43:26.785992+00:00,-24.388999452856407,2.0372293267865587,533.12,499.18,590.18,630.91,370.01
2020-09-24 20:43:26.793992+00:00,-24.639630068132554,1.4699595797358482,532.85,497.93,588.78,629.75,369.06
2020-09-24 20:43:26.801992+00:00,-24.475782357176033,0.9983785766086185,534.87,500.13,590.25,632.1,371.26
2020-09-24 20:43:26.809992+00:00,-24.532021904608577,0.8338834752587815,535.48,500.12,588.48,632.18,370.09
2020-09-24 20:43:26.817992+00:00,-24.933797070657143,0.6408872573062159,535.83,500.03,587.72,633.46,370.47
2020-09-24 20:43:26.825992+00:00,-25.176548512067846,0.8180924588255015,535.52,500.45,589.96,633.66,371.27
2020-09-24 20:43:26.833992+00:00,-25.406639363996415,0.8828013942980915,533.36,497.47,588.81,630.8,368.85
2020-09-24 20:43:26.841992+00:00,-25.682174653054325,1.2320369705737622,532.47,497.37,587.33,631.6,369.21
2020-09-24 20:43:26.849992+00:00,-26.006414737243222,1.6739408912036182,534.64,499.99,591.49,637.32,373.41
2020-09-24 20:43:26.857992+00:00,-26.322727046121315,1.3975292908126098,533.12,497.55,590.52,637.18,373.64
2020-09-24 20:43:26.865992+00:00,-26.43559414281629,1.323417337259106,535.97,499.43,590.54,636.16,371.74
2020-09-24 20:43:26.873992+00:00,-26.526455232361837,1.2929850667626641,538.04,500.78,591.47,635.59,370.76
2020-09-24 20:43:26.881992+00:00,-26.88145936236406,1.8176528814953226,539.32,501.2,592.2,637.56,371.08
2020-09-24 20:43:26.889992+00:00,-26.923228963609546,1.4900149282591164,539.13,501.46,591.67,637.46,370.23
2020-09-24 20:43:26.897992+00:00,-27.083305221817206,0.7345568008442951,535.84,498.85,590.17,637.55,371.69
2020-09-24 20:43:26.905992+00:00,-26.91584629377129,0.5695608155511603,536.19,499.29,590.25,638.18,371.47
2020-09-24 20:43:26.913992+00:00,-26.844895262467404,0.908463780194457,536.07,498.62,589.44,637.84,371.33
2020-09-24 20:43:26.921992+00:00,-27.56390057875487,0.7940773596173073,537.99,500.23,591.26,640.53,372.76
2020-09-24 20:43:26.929992+00:00,-27.56819674535238,0.6561698089537864,538.82,500.04,590.48,641.05,373.45
2020-09-24 20:43:26.937992+00:00,-27.217932032896872,0.8363498752749363,535.73,497.66,586.64,637.76,371.71
2020-09-24 20:43:26.945992+00:00,-27.18280338818641,0.5241601351710474,534.47,498.61,588.31,639.18,372.0
2020-09-24 20:43:26.953992+00:00,-27.496710180295125,0.4633589425554564,535.07,498.22,587.6,638.72,372.14
2020-09-24 20:43:26.961992+00:00,-27.648839139524345,0.2397578130846098,534.04,495.81,585.95,638.04,371.72
2020-09-24 20:43:26.969992+00:00,-27.875126893431307,0.48981752217441016,542.08,501.58,589.66,641.33,370.49
2020-09-24 20:43:26.977992+00:00,-27.824194970215057,0.19809718838562362,544.53,504.89,591.5,642.54,371.31
2020-09-24 20:43:26.985992+00:00,-27.781360112196207,0.14824301346407565,535.13,497.43,586.0,639.34,371.29
2020-09-24 20:43:26.993992+00:00,-27.799878885010983,0.5989073389478802,537.24,498.94,586.68,640.45,371.57
2020-09-24 20:43:27.001992+00:00,-28.055890598327114,-0.019067657599459876,536.1,498.43,585.12,640.02,371.35
2020-09-24 20:43:27.009992+00:00,-28.1135440011753,-0.19586121298622566,537.76,500.0,586.09,643.19,372.83
2020-09-24 20:43:27.017992+00:00,-28.279387950373312,-0.11564047239384233,531.0,492.7,577.54,633.43,365.82
2020-09-24 20:43:27.025992+00:00,-28.432138851363295,-0.18772163844133477,530.25,491.27,573.28,630.78,362.97
2020-09-24 20:43:27.033992+00:00,-28.248476434293664,-0.7225893761603671,538.92,500.72,583.58,642.66,371.49
2020-09-24 20:43:27.041992+00:00,-28.641593220164456,-0.49059596864957317,536.5,498.19,581.68,640.48,370.81
2020-09-24 20:43:27.049992+00:00,-28.628307365033336,-1.1025167193613454,534.3,494.91,579.43,639.7,369.95
2020-09-24 20:43:27.057992+00:00,-28.723072996358667,-1.113880650649366,544.92,505.54,591.72,652.48,377.24
2020-09-24 20:43:27.065992+00:00,-28.616348452947044,-1.1344102386398636,548.18,507.96,594.55,656.34,379.6
2020-09-24 20:43:27.073992+00:00,-28.596132223319437,-1.1833650653727503,533.54,494.93,579.82,639.1,371.01
2020-09-24 20:43:27.081992+00:00,-28.57935507297534,-1.1359793090349335,537.62,499.05,581.8,643.1,371.8
2020-09-24 20:43:27.089992+00:00,-28.502366692289918,-1.1437696841257912,536.78,498.57,581.07,641.44,370.99
2020-09-24 20:43:27.097992+00:00,-28.577515295305126,-1.2865023517895733,536.33,497.67,581.63,641.28,371.76
2020-09-24 20:43:27.105992+00:00,-28.765709996664036,-1.045984926872118,535.18,495.57,579.54,642.28,372.01
2020-09-24 20:43:27.113992+00:00,-28.76351342777942,-1.0723633941588389,536.36,495.8,579.4,641.75,371.97
2020-09-24 20:43:27.121992+00:00,-28.655767566104256,-1.2781892089103042,536.8,496.59,580.81,642.26,371.05
2020-09-24 20:43:27.129992+00:00,-28.682348562340646,-1.304627102016152,536.18,496.47,580.83,642.77,370.79
2020-09-24 20:43:27.137992+00:00,-28.68481904635602,-1.5137897838878736,536.5,496.14,578.84,643.04,371.59
2020-09-24 20:43:27.145992+00:00,-28.49988664098065,-1.3556501916401398,536.74,497.96,579.37,644.01,372.62
2020-09-24 20:43:27.153992+00:00,-28.43241517044402,-1.485954951747149,538.69,499.17,580.02,642.37,371.06
2020-09-24 20:43:27.161992+00:00,-28.401889455756002,-1.7776676400022242,537.42,497.49,578.36,640.13,370.85
2020-09-24 20:43:27.169992+00:00,-28.389425818881083,-1.5873787155659567,537.53,496.63,577.9,642.25,371.21
2020-09-24 20:43:27.177992+00:00,-28.275466013825014,-1.6709821505330198,537.65,497.0,578.11,642.88,370.38
2020-09-24 20:43:27.185992+00:00,-28.305163317593077,-1.7585938091310407,537.52,498.2,578.51,642.32,371.86
2020-09-24 20:43:27.193992+00:00,-28.17466344176321,-2.0066725825919574,534.41,494.47,573.78,638.01,368.5
2020-09-24 20:43:27.201992+00:00,-28.27437704332048,-1.9198961557047156,533.28,493.37,573.75,637.75,367.73
2020-09-24 20:43:27.209992+00:00,-28.184943996798722,-1.9429997808595292,537.92,498.74,578.53,643.49,371.88
2020-09-24 20:43:27.217992+00:00,-28.294582250957557,-1.6729656612290178,536.89,497.86,575.69,642.32,372.09
2020-09-24 20:43:27.225992+00:00,-28.252024770247232,-1.8100395920925805,537.34,496.73,576.78,642.23,370.59
2020-09-24 20:43:27.233992+00:00,-27.984788413868174,-2.295081339956388,539.64,498.82,579.08,643.47,370.14
2020-09-24 20:43:27.241992+00:00,-28.157048555766337,-2.2026493538536926,539.85,500.37,579.83,644.77,372.12
2020-09-24 20:43:27.249992+00:00,-28.063942324881747,-2.425193086299093,536.07,497.9,577.53,643.23,372.55
2020-09-24 20:43:27.257992+00:00,-28.216677831677714,-3.0700222389068363,535.87,497.91,578.2,643.91,372.29
2020-09-24 20:43:27.265992+00:00,-28.067685782811093,-3.125976486965806,536.52,498.1,576.85,643.02,372.24
2020-09-24 20:43:27.273992+00:00,-27.663756482444484,-3.0589925082675697,538.06,498.75,575.79,641.22,370.07
2020-09-24 20:43:27.281992+00:00,-27.44621648206057,-2.8631528105044937,536.69,497.76,575.22,639.17,368.85
2020-09-24 20:43:27.289992+00:00,-27.38799830598117,-2.24911088222664,535.96,498.45,575.17,637.98,370.31
2020-09-24 20:43:27.297992+00:00,-26.869603105067323,-1.6587529151203217,535.58,499.02,576.83,639.58,372.37
2020-09-24 20:43:27.305992+00:00,-26.654665165861203,-2.153402881608894,534.56,499.42,577.43,638.46,372.3
2020-09-24 20:43:27.313992+00:00,-26.55349975274156,-1.5637636138918718,534.9,500.24,577.94,636.43,371.2
2020-09-24 20:43:27.321992+00:00,-26.142735140143696,-1.099578552427877,533.89,501.26,578.42,634.56,371.07
2020-09-24 20:43:27.329992+00:00,-25.614186568410197,-0.800171347706574,532.57,500.04,577.7,632.96,373.03
2020-09-24 20:43:27.337992+00:00,-24.80922579260506,-0.3283363934500127,532.98,500.98,579.25,630.24,372.1
2020-09-24 20:43:27.345992+00:00,-24.0359928087651,0.2701568996122557,532.86,503.96,582.28,627.21,370.45
2020-09-24 20:43:27.353992+00:00,-23.36649411476756,0.839050779166326,532.66,504.86,582.71,625.58,370.61
2020-09-24 20:43:27.361992+00:00,-21.91022810112839,0.43719828775721314,530.88,505.77,583.32,622.35,369.6
2020-09-24 20:43:27.369992+00:00,-21.354126877192215,1.2980711512147123,533.37,509.88,587.75,623.7,372.03
2020-09-24 20:43:27.377992+00:00,-19.749899967738514,0.9780279970313689,519.97,498.06,574.48,606.0,364.25
2020-09-24 20:43:27.385992+00:00,-19.364444477626275,1.264508400726419,517.31,497.64,573.78,602.79,363.69
2020-09-24 20:43:27.393992+00:00,-18.107490109762082,0.45839721186497673,532.01,513.07,590.59,619.56,372.21
2020-09-24 20:43:27.401992+00:00,-17.346702242822833,1.653353877724367,528.84,512.09,589.29,613.64,369.79
2020-09-24 20:43:27.409992+00:00,-17.446372073254892,3.1219951360650224,529.08,514.67,590.62,611.2,370.22
2020-09-24 20:43:27.417992+00:00,-15.925631778212505,2.980571423770284,531.6,518.36,593.55,611.73,371.67
2020-09-24 20:43:27.425992+00:00,-14.24648479049333,1.7887058082942051,531.36,521.46,595.45,609.75,372.11
2020-09-24 20:43:27.433992+00:00,-13.51569902274288,1.3186278331452406,527.78,518.32,591.43,605.48,369.99
2020-09-24 20:43:27.441992+00:00,-12.59302402210181,2.4490034746438667,528.37,520.13,593.35,604.83,370.14
2020-09-24 20:43:27.449992+00:00,-11.518250854166874,2.2791040168465586,527.98,522.72,593.91,603.04,370.77
2020-09-24 20:43:27.457992+00:00,-10.171872092788522,2.6832661843621723,528.79,524.61,593.62,601.91,370.42
2020-09-24 20:43:27.465992+00:00,-9.393314587252135,2.5275537934453363,529.09,528.45,596.27,599.95,369.77
2020-09-24 20:43:27.473992+00:00,-8.659531147162836,3.2298466486167676,528.51,530.05,597.15,598.05,369.97
2020-09-24 20:43:27.481992+00:00,-7.478680189595643,4.231566427967138,528.19,532.24,597.05,596.46,369.78
2020-09-24 20:43:27.489992+00:00,-6.678469629749592,3.4938778046096894,527.82,534.36,597.36,594.46,370.0
2020-09-24 20:43:27.497992+00:00,-6.219640957231138,3.7622746182120874,528.28,536.04,597.05,591.78,369.64
2020-09-24 20:43:27.505992+00:00,-5.040761572750285,3.7650322021035016,527.88,538.07,596.38,590.77,370.67
2020-09-24 20:43:27.513992+00:00,-3.9278019090562526,4.526073991290672,527.71,540.29,597.74,588.74,370.3
2020-09-24 20:43:27.521992+00:00,-3.4143972199006294,5.44132523526889,529.17,542.38,597.71,586.76,368.49
2020-09-24 20:43:27.529992+00:00,-2.4608151030373593,5.949485119703603,529.11,542.96,597.18,586.82,370.28
2020-09-24 20:43:27.537992+00:00,-1.8103050642621985,5.418289012428337,527.9,545.09,597.04,584.7,370.48
2020-09-24 20:43:27.545992+00:00,-1.5033257584179938,6.560199928541655,529.89,548.6,599.13,584.68,368.96
2020-09-24 20:43:27.553992+00:00,-0.6200461382514191,7.381914420678509,525.69,545.27,596.74,580.54,369.5
2020-09-24 20:43:27.561992+00:00,0.15467942079067254,8.298373004903095,524.01,545.69,596.45,578.88,370.06
2020-09-24 20:43:27.569992+00:00,0.8680853796687577,8.694546282437756,528.14,551.01,600.84,581.59,370.67
2020-09-24 20:43:27.577992+00:00,1.5284667314953109,8.522449636794082,527.97,551.7,600.71,579.2,370.1
2020-09-24 20:43:27.585992+00:00,1.9279811914336273,8.471843327042377,528.18,553.06,600.19,577.22,370.26
2020-09-24 20:43:27.593992+00:00,2.6904498627911027,8.56575008355581,529.81,556.78,603.03,579.07,370.6
2020-09-24 20:43:27.601992+00:00,3.889636053703791,8.843360524553786,530.28,558.04,603.03,578.32,369.62
2020-09-24 20:43:27.609992+00:00,4.638156601432787,9.863067677251781,528.32,557.13,601.33,575.28,369.68
2020-09-24 20:43:27.617992+00:00,5.261651183561513,10.047856593058519,529.01,559.29,601.82,575.15,369.96
2020-09-24 20:43:27.625992+00:00,5.92456125782769,10.513326162669657,530.43,560.96,601.15,575.15,369.55
2020-09-24 20:43:27.633992+00:00,6.230114186986846,10.41605078206234,528.39,560.43,600.4,575.08,371.64
2020-09-24 20:43:27.641992+00:00,7.007099168502679,10.695123509706324,527.61,560.6,599.55,573.58,371.42
2020-09-24 20:43:27.649992+00:00,7.748183226216706,11.616833380953317,528.43,560.34,598.35,570.98,369.31
2020-09-24 20:43:27.657992+00:00,8.257122386947032,12.461181985356406,531.63,563.77,599.31,569.95,367.05
2020-09-24 20:43:27.665992+00:00,8.71147172167635,13.527226445054554,531.89,565.9,600.69,571.91,368.04
2020-09-24 20:43:27.673992+00:00,8.86572439481264,12.831093354022254,529.16,563.68,599.65,572.2,370.46
2020-09-24 20:43:27.681992+00:00,9.695446320404885,13.426773014981668,530.06,565.27,600.11,571.86,370.59
2020-09-24 20:43:27.689992+00:00,9.784569927704633,13.367131682498922,527.85,563.01,597.39,568.93,367.85
2020-09-24 20:43:27.697992+00:00,10.037329351703388,13.83521817332743,527.97,564.1,598.19,569.57,368.21
2020-09-24 20:43:27.705992+00:00,10.365647337339013,13.48859333666644,529.6,567.26,601.46,572.47,371.61
2020-09-24 20:43:27.713992+00:00,10.493066115006927,13.718351809335523,529.51,566.5,600.43,571.41,370.8
2020-09-24 20:43:27.721992+00:00,10.67772784487084,13.261093772891183,529.66,566.22,600.34,571.88,370.87
2020-09-24 20:43:27.729992+00:00,10.865856164352294,12.852599563681617,528.91,565.3,598.3,570.91,370.68
2020-09-24 20:43:27.737992+00:00,11.253570094690119,13.143032095542761,526.31,561.9,592.61,565.53,367.06
2020-09-24 20:43:27.745992+00:00,10.981575893122404,12.426405902331268,527.86,563.8,595.31,567.63,367.9
2020-09-24 20:43:27.753992+00:00,11.086042595647926,12.258755267743359,530.37,567.17,599.24,571.85,370.5
2020-09-24 20:43:27.761992+00:00,10.67715992630522,11.677758032486189,529.81,566.77,598.51,571.02,369.89
2020-09-24 20:43:27.769992+00:00,10.53232167287027,12.439907723880992,528.69,565.35,597.23,569.85,369.06
2020-09-24 20:43:27.777992+00:00,10.614019641952485,13.017013984783354,536.13,572.76,605.7,577.61,373.17
2020-09-24 20:43:27.785992+00:00,10.168701061753811,12.400986397908527,535.84,572.62,606.04,578.57,373.49
2020-09-24 20:43:27.793992+00:00,10.561964143283094,12.9652133124755,527.76,564.88,597.5,571.29,370.38
2020-09-24 20:43:27.801992+00:00,10.378491523295823,13.266132868875623,528.19,565.54,598.62,571.99,371.57
2020-09-24 20:43:27.809992+00:00,10.200257609658074,13.15777044936684,528.09,565.87,598.59,572.39,370.92
2020-09-24 20:43:27.817992+00:00,10.272596597895475,12.893630613448213,529.87,564.96,598.22,571.72,369.28
2020-09-24 20:43:27.825992+00:00,10.46091029887825,12.664004180122777,530.6,564.63,597.67,570.16,369.12
2020-09-24 20:43:27.833992+00:00,10.044137875288307,11.742329987156154,530.91,565.58,597.99,571.3,368.89
2020-09-24 20:43:27.841992+00:00,10.23291200571255,11.907022998573462,530.42,565.28,597.31,570.45,368.67
2020-09-24 20:43:27.849992+00:00,10.00446546317152,11.854061137143848,530.03,564.77,596.93,570.54,369.07
2020-09-24 20:43:27.857992+00:00,9.8542956719045,11.601709968694387,529.81,565.6,598.54,571.57,369.34
2020-09-24 20:43:27.865992+00:00,9.874424851734071,11.783854955308042,530.15,567.18,599.21,571.74,369.02
2020-09-24 20:43:27.873992+00:00,9.555468696005269,11.242842537387853,529.41,565.62,597.16,571.62,369.62
2020-09-24 20:43:27.881992+00:00,9.764692538802894,11.633549224166064,527.82,563.72,595.61,572.01,371.19
2020-09-24 20:43:27.889992+00:00,9.976016793044804,12.07173776245192,529.31,564.19,596.8,572.33,369.99
2020-09-24 20:43:27.897992+00:00,9.942309753892538,11.530589231358563,529.88,564.89,595.61,570.62,369.36
2020-09-24 20:43:27.905992+00:00,9.957947340305804,12.025060703594281,530.48,564.91,594.94,571.19,368.7
2020-09-24 20:43:27.913992+00:00,9.78492179006683,11.655406362074544,529.47,564.13,596.93,571.97,369.07
2020-09-24 20:43:27.921992+00:00,9.71243806517763,11.766430540999034,529.59,564.57,597.04,571.89,368.73
2020-09-24 20:43:27.929992+00:00,9.888495383877991,12.17218877856182,529.48,565.66,596.76,571.81,369.56
2020-09-24 20:43:27.937992+00:00,9.580082544037317,11.4380556030377,528.03,565.24,596.76,571.63,370.76
2020-09-24 20:43:27.945992+00:00,9.613437866698773,12.1852095457673,529.11,564.41,597.1,571.65,369.51
2020-09-24 20:43:27.953992+00:00,9.64644331828956,12.32566035815962,528.13,563.5,597.76,573.08,371.98
2020-09-24 20:43:27.961992+00:00,9.752305967716625,12.156945297201,528.6,564.01,596.16,572.18,370.85
2020-09-24 20:43:27.969992+00:00,9.840421856727248,12.112214919972194,529.23,564.18,595.04,569.86,368.72
2020-09-24 20:43:27.977992+00:00,9.77951709425989,11.932041281549763,530.0,563.76,596.09,570.63,368.91
2020-09-24 20:43:27.985992+00:00,9.740859965237847,11.670483525589644,530.45,563.67,594.43,570.97,368.74
2020-09-24 20:43:27.993992+00:00,9.713130060728279,11.482572694079069,529.42,564.45,593.53,569.83,369.44
2020-09-24 20:43:28.001992+00:00,9.563408615019037,11.414701216389432,527.25,561.7,592.38,569.15,367.94
2020-09-24 20:43:28.009992+00:00,9.559920216965605,11.198258811211735,528.93,562.3,592.69,569.05,366.66
2020-09-24 20:43:28.017992+00:00,9.562073333085763,10.906682746934093,530.31,563.5,591.72,568.35,367.55
2020-09-24 20:43:28.025992+00:00,9.161577477298296,10.786803408078292,528.47,563.88,593.81,571.69,370.4
2020-09-24 20:43:28.033992+00:00,9.18710249854185,10.762156611894893,530.31,564.53,593.97,571.17,368.41
2020-09-24 20:43:28.041992+00:00,9.151239518841313,10.865746212223721,530.76,564.26,591.91,569.75,368.15
2020-09-24 20:43:28.049992+00:00,9.133100495651462,10.739219505577868,525.5,560.72,589.73,567.85,367.92
2020-09-24 20:43:28.057992+00:00,9.249941301048779,10.585482693200497,527.3,559.78,589.13,567.0,365.55
2020-09-24 20:43:28.065992+00:00,9.514996024942244,11.551189255165678,529.99,563.4,592.67,570.88,368.59
2020-09-24 20:43:28.073992+00:00,9.380854792997717,11.495521369873245,528.71,563.45,593.32,571.96,369.98
2020-09-24 20:43:28.081992+00:00,8.938357570418397,10.963719539771661,529.33,562.83,592.5,571.8,369.25
2020-09-24 20:43:28.089992+00:00,8.877440055763381,10.807448626222637,528.8,563.01,592.17,571.58,369.46
2020-09-24 20:43:28.097992+00:00,9.046205430137578,10.837223783835272,529.55,562.73,592.38,571.78,368.52
2020-09-24 20:43:28.105992+00:00,8.778424921232352,10.695304003429143,528.68,561.58,592.02,571.91,369.45
2020-09-24 20:43:28.113992+00:00,8.61953364711526,10.674773052757025,527.03,560.57,590.95,571.92,370.93
2020-09-24 20:43:28.121992+00:00,8.562156350067305,10.699255775436932,528.77,561.48,591.85,571.73,369.62
2020-09-24 20:43:28.129992+00:00,8.735810815531886,10.7064460386719,529.68,561.66,591.08,570.58,367.67
2020-09-24 20:43:28.137992+00:00,8.817939675371194,10.707351369735317,530.8,564.79,593.85,574.37,370.95
2020-09-24 20:43:28.145992+00:00,8.714206879849588,10.605858549070023,530.4,564.68,594.47,575.02,371.87
2020-09-24 20:43:28.153992+00:00,8.787384516647164,11.18662100722317,528.73,562.35,591.21,572.2,369.5
2020-09-24 20:43:28.161992+00:00,8.861910720223044,10.432547080916281,529.1,562.6,591.22,572.51,369.6
2020-09-24 20:43:28.169992+00:00,9.044548097355309,9.966212650602673,528.61,561.49,590.59,571.9,369.55
2020-09-24 20:43:28.177992+00:00,8.897883837270628,10.06114377389296,529.7,563.2,592.37,573.58,370.35
2020-09-24 20:43:28.185992+00:00,8.792748440660066,9.829287764259325,522.76,555.91,583.43,564.48,364.83
2020-09-24 20:43:28.193992+00:00,8.931139256182146,10.14129688445532,524.44,555.83,583.92,565.99,365.71
2020-09-24 20:43:28.201992+00:00,9.00963719872711,10.055804944727553,530.63,562.46,590.97,573.17,369.64
2020-09-24 20:43:28.209992+00:00,8.951303352269127,10.146408930948464,529.88,562.33,590.28,571.35,367.73
2020-09-24 20:43:28.217992+00:00,8.765273726580018,10.274111237809993,528.45,560.39,589.93,571.92,369.12
2020-09-24 20:43:28.225992+00:00,8.856207517806041,10.366339128912722,532.5,564.23,590.39,569.53,367.47
2020-09-24 20:43:28.233992+00:00,8.701225531494167,10.081389582732292,523.25,554.95,579.58,558.94,359.3
2020-09-24 20:43:28.241992+00:00,8.615458729121249,10.500853663740807,521.31,555.02,582.43,565.17,364.97
2020-09-24 20:43:28.249992+00:00,,,529.36,562.75,591.44,574.68,371.51
2020-09-24 20:43:28.257992+00:00,,,527.48,560.55,588.9,573.15,370.37
2020-09-24 20:43:28.265992+00:00,,,528.02,561.93,589.64,572.87,370.34
2020-09-24 20:43:28.273992+00:00,,,528.46,561.57,589.27,572.56,370.91
2020-09-24 20:43:28.281992+00:00,,,529.56,560.35,588.89,571.83,369.1
2020-09-24 20:43:28.289992+00:00,,,527.97,560.69,588.97,571.98,369.34
2020-09-24 20:43:28.297992+00:00,,,528.79,561.37,588.99,571.43,368.79
2020-09-24 20:43:28.305992+00:00,,,528.3,560.68,590.03,571.48,368.79
2020-09-24 20:43:28.313992+00:00,,,530.28,564.1,591.56,573.15,369.75
2020-09-24 20:43:28.321992+00:00,,,531.28,562.28,589.45,572.52,368.79
2020-09-24 20:43:28.329992+00:00,,,526.9,558.6,588.14,571.75,370.06
2020-09-24 20:43:28.337992+00:00,,,527.38,558.57,588.36,571.95,370.17
2020-09-24 20:43:28.345992+00:00,,,528.21,559.94,587.64,571.89,369.6
2020-09-24 20:43:28.353992+00:00,,,527.58,559.88,587.31,572.71,369.73
2020-09-24 20:43:28.361992+00:00,,,529.3,561.24,589.59,574.19,370.49
2020-09-24 20:43:28.369992+00:00,,,529.38,562.71,589.81,572.62,369.68
2020-09-24 20:43:28.377992+00:00,,,527.39,560.24,588.42,572.22,370.05
2020-09-24 20:43:28.385992+00:00,,,528.47,560.7,589.14,573.1,369.82
2020-09-24 20:43:28.393992+00:00,,,527.93,559.84,587.59,571.02,368.96
2020-09-24 20:43:28.401992+00:00,,,527.25,559.95,589.25,573.28,371.0
2020-09-24 20:43:28.409992+00:00,,,524.72,558.11,586.79,569.93,367.73
2020-09-24 20:43:28.417992+00:00,,,525.39,557.66,586.65,570.21,367.81
2020-09-24 20:43:28.425992+00:00,,,527.81,559.64,588.4,572.1,369.35
2020-09-24 20:43:28.433992+00:00,,,529.18,562.01,589.75,572.03,369.92
2020-09-24 20:43:28.441992+00:00,,,528.76,561.37,589.02,572.22,369.8
2020-09-24 20:43:28.449992+00:00,,,528.26,560.16,588.02,571.85,369.03
2020-09-24 20:43:28.457992+00:00,,,528.54,559.76,588.0,571.09,368.62
2020-09-24 20:43:28.465992+00:00,,,528.54,559.19,587.58,571.36,368.46
2020-09-24 20:43:28.473992+00:00,,,529.1,558.99,586.36,571.75,369.21
2020-09-24 20:43:28.481992+00:00,,,527.88,559.52,587.01,571.72,369.56
2020-09-24 20:43:28.489992+00:00,,,527.95,558.81,588.17,572.54,369.53
2020-09-24 20:43:28.497992+00:00,,,529.59,560.53,587.74,572.5,368.81
2020-09-24 20:43:28.505992+00:00,,,532.29,564.7,591.36,575.75,370.44
2020-09-24 20:43:28.513992+00:00,,,529.65,561.92,589.23,573.95,370.25
2020-09-24 20:43:28.521992+00:00,,,527.82,559.67,586.77,572.0,369.64
2020-09-24 20:43:28.529992+00:00,,,527.15,559.03,585.94,571.23,369.26
2020-09-24 20:43:28.537992+00:00,,,530.9,562.66,589.39,574.49,371.11
2020-09-24 20:43:28.545992+00:00,,,512.33,543.19,569.52,556.43,361.29
2020-09-24 20:43:28.553992+00:00,,,517.58,548.44,575.51,561.76,363.94
2020-09-24 20:43:28.561992+00:00,,,531.56,561.58,588.75,574.47,370.37
2020-09-24 20:43:28.569992+00:00,,,528.57,558.06,585.32,571.24,367.52
2020-09-24 20:43:28.577992+00:00,,,529.82,560.16,586.95,571.48,367.97
2020-09-24 20:43:28.585992+00:00,,,525.3,557.2,585.09,570.98,369.19
2020-09-24 20:43:28.593992+00:00,,,527.22,557.61,584.8,571.44,368.89
2020-09-24 20:43:28.601992+00:00,,,528.12,559.76,585.25,572.34,369.87
2020-09-24 20:43:28.609992+00:00,,,526.74,558.83,585.89,572.37,370.09
2020-09-24 20:43:28.617992+00:00,,,527.69,558.58,586.27,573.22,370.47
2020-09-24 20:43:28.625992+00:00,,,526.28,558.22,584.53,571.94,370.08
2020-09-24 20:43:28.633992+00:00,,,529.1,560.74,587.59,574.95,371.37
2020-09-24 20:43:28.641992+00:00,,,528.53,558.7,586.28,574.52,371.37
2020-09-24 20:43:28.649992+00:00,,,526.53,558.43,583.72,571.25,370.02
2020-09-24 20:43:28.657992+00:00,,,527.37,559.71,586.51,572.89,369.7
2020-09-24 20:43:28.665992+00:00,,,526.95,558.16,584.34,573.0,370.84
2020-09-24 20:43:28.673992+00:00,,,527.83,558.95,583.28,571.5,370.18
2020-09-24 20:43:28.681992+00:00,,,527.11,558.33,584.24,572.43,369.98
2020-09-24 20:43:28.689992+00:00,,,526.27,556.94,583.82,571.93,370.26
2020-09-24 20:43:28.697992+00:00,,,528.07,556.6,582.47,571.14,369.04
2020-09-24 20:43:28.705992+00:00,,,527.71,556.95,581.99,571.06,369.64
2020-09-24 20:43:28.713992+00:00,,,528.33,557.26,582.86,570.77,369.3
2020-09-24 20:43:28.721992+00:00,,,528.7,557.62,582.51,571.87,369.21
2020-09-24 20:43:28.729992+00:00,,,527.59,558.22,582.57,570.73,369.27
2020-09-24 20:43:28.737992+00:00,,,527.63,559.03,583.21,571.6,369.44
2020-09-24 20:43:28.745992+00:00,,,527.98,558.42,583.69,572.86,369.62
2020-09-24 20:43:28.753992+00:00,,,527.43,558.15,582.51,571.47,370.49
2020-09-24 20:43:28.761992+00:00,,,527.19,557.75,583.23,572.54,370.9
2020-09-24 20:43:28.769992+00:00,,,525.53,554.57,578.72,568.22,366.98
2020-09-24 20:43:28.777992+00:00,,,526.18,555.02,577.82,568.32,367.75
2020-09-24 20:43:28.785992+00:00,,,527.84,556.51,579.29,569.53,368.06
2020-09-24 20:43:28.793992+00:00,,,528.73,556.83,578.98,567.91,366.59
2020-09-24 20:43:28.801992+00:00,,,528.61,558.34,580.95,571.07,368.11
2020-09-24 20:43:28.809992+00:00,,,529.78,557.83,577.15,566.03,365.03
2020-09-24 20:43:28.817992+00:00,,,528.1,556.39,577.88,568.76,368.13
2020-09-24 20:43:28.825992+00:00,,,527.78,557.98,581.69,572.76,369.15
2020-09-24 20:43:28.833992+00:00,,,527.72,557.67,578.96,570.81,369.37
2020-09-24 20:43:28.841992+00:00,,,526.32,555.94,578.8,571.04,370.92
2020-09-24 20:43:28.849992+00:00,,,527.61,556.39,579.53,571.8,369.88
2020-09-24 20:43:28.857992+00:00,,,526.66,556.05,578.01,569.85,368.46
2020-09-24 20:43:28.865992+00:00,,,530.01,558.83,581.81,574.77,372.56
2020-09-24 20:43:28.873992+00:00,,,529.35,558.17,580.38,573.42,371.28
2020-09-24 20:43:28.881992+00:00,,,527.64,557.31,579.6,571.14,368.83
2020-09-24 20:43:28.889992+00:00,,,527.1,556.35,578.46,570.54,368.73
2020-09-24 20:43:28.897992+00:00,,,531.43,560.93,582.41,575.26,372.02
2020-09-24 20:43:28.905992+00:00,,,507.99,535.81,555.83,548.31,355.11
2020-09-24 20:43:28.913992+00:00,,,516.65,544.53,564.83,558.06,360.64
2020-09-24 20:43:28.921992+00:00,,,529.55,559.07,580.71,574.19,371.81
2020-09-24 20:43:28.929992+00:00,,,526.3,554.96,576.44,570.28,369.46
2020-09-24 20:43:28.937992+00:00,,,527.95,555.63,576.63,571.06,369.3
2020-09-24 20:43:28.945992+00:00,,,529.19,557.25,576.29,570.02,367.99
2020-09-24 20:43:28.953992+00:00,,,529.84,559.34,579.31,572.47,368.99
2020-09-24 20:43:28.961992+00:00,,,528.48,558.6,579.0,571.94,368.93
2020-09-24 20:43:28.969992+00:00,,,528.96,556.95,577.6,570.6,367.87
2020-09-24 20:43:28.977992+00:00,,,528.32,557.26,578.39,571.28,369.09
2020-09-24 20:43:28.985992+00:00,,,526.77,556.51,576.57,571.62,369.83
2020-09-24 20:43:28.993992+00:00,,,529.77,559.14,579.06,573.58,370.77
2020-09-24 20:43:29.001992+00:00,,,529.01,557.61,577.3,572.86,370.37
2020-09-24 20:43:29.009992+00:00,,,526.7,555.36,574.93,570.62,370.22
2020-09-24 20:43:29.017992+00:00,,,526.84,556.82,576.06,569.8,370.07
2020-09-24 20:43:29.025992+00:00,,,527.93,556.5,574.89,570.62,369.54
2020-09-24 20:43:29.033992+00:00,,,528.57,556.75,575.0,570.11,367.73
2020-09-24 20:43:29.041992+00:00,,,526.6,555.69,575.8,570.84,369.91
2020-09-24 20:43:29.049992+00:00,,,527.85,555.38,575.48,571.26,368.94
2020-09-24 20:43:29.057992+00:00,,,528.57,556.48,576.83,571.53,368.89
2020-09-24 20:43:29.065992+00:00,,,526.63,556.02,575.9,571.66,370.21
2020-09-24 20:43:29.073992+00:00,,,526.87,555.95,574.47,571.49,369.9
2020-09-24 20:43:29.081992+00:00,,,525.28,555.14,574.05,570.74,369.8
2020-09-24 20:43:29.089992+00:00,,,525.85,555.67,573.56,569.41,369.94
2020-09-24 20:43:29.097992+00:00,,,528.23,556.75,573.41,569.46,368.9
2020-09-24 20:43:29.105992+00:00,,,528.84,556.93,573.04,570.73,368.29
2020-09-24 20:43:29.113992+00:00,,,527.61,557.49,573.9,570.29,368.9
2020-09-24 20:43:29.121992+00:00,,,527.75,556.75,575.93,569.92,368.86
2020-09-24 20:43:29.129992+00:00,,,525.63,554.76,573.64,570.23,369.46
2020-09-24 20:43:29.137992+00:00,,,525.68,555.22,573.58,570.66,369.59
2020-09-24 20:43:29.145992+00:00,,,526.2,555.45,574.27,571.62,370.54
2020-09-24 20:43:29.153992+00:00,,,528.31,556.03,573.46,569.73,367.74
2020-09-24 20:43:29.161992+00:00,,,526.49,555.76,574.11,571.14,369.16
2020-09-24 20:43:29.169992+00:00,,,529.74,558.22,575.42,571.62,368.42
2020-09-24 20:43:29.177992+00:00,,,529.61,557.55,573.87,570.47,367.66
2020-09-24 20:43:29.185992+00:00,,,526.9,556.66,574.65,571.87,370.1
2020-09-24 20:43:29.193992+00:00,,,527.7,556.17,574.67,571.59,369.06
2020-09-24 20:43:29.201992+00:00,,,528.19,555.84,574.08,571.28,367.91
2020-09-24 20:43:29.209992+00:00,,,528.47,556.74,573.87,571.3,369.35
2020-09-24 20:43:29.217992+00:00,,,524.29,552.29,569.61,566.89,365.42
2020-09-24 20:43:29.225992+00:00,,,527.12,554.7,571.77,570.51,366.69
2020-09-24 20:43:29.233992+00:00,,,528.24,555.6,572.77,571.86,369.2
2020-09-24 20:43:29.241992+00:00,,,527.37,555.02,571.13,570.55,368.67
2020-09-24 20:43:29.249992+00:00,,,527.62,554.01,571.93,570.21,368.68
2020-09-24 20:43:29.257992+00:00,,,529.27,556.16,573.03,571.67,369.27
2020-09-24 20:43:29.265992+00:00,,,521.06,548.17,566.33,566.41,365.88
2020-09-24 20:43:29.273992+00:00,,,524.75,552.83,570.01,569.47,367.9
2020-09-24 20:43:29.281992+00:00,,,528.53,556.82,572.99,571.81,369.27
2020-09-24 20:43:29.289992+00:00,,,527.67,555.91,571.94,571.24,368.79
2020-09-24 20:43:29.297992+00:00,,,526.73,554.18,570.56,570.29,368.52
2020-09-24 20:43:29.305992+00:00,,,532.12,559.65,575.47,575.5,371.72
2020-09-24 20:43:29.313992+00:00,,,502.39,529.23,545.41,546.44,353.48
2020-09-24 20:43:29.321992+00:00,,,515.45,542.65,558.46,558.28,360.85
2020-09-24 20:43:29.329992+00:00,,,530.62,557.67,572.98,573.59,369.76
2020-09-24 20:43:29.337992+00:00,,,527.08,552.62,569.51,571.11,368.08
2020-09-24 20:43:29.345992+00:00,,,527.24,553.92,569.36,570.92,368.72
2020-09-24 20:43:29.353992+00:00,,,529.7,557.82,571.68,574.03,370.7
2020-09-24 20:43:29.361992+00:00,,,528.81,556.43,572.44,572.22,369.11
2020-09-24 20:43:29.369992+00:00,,,527.74,555.49,569.65,571.01,368.46
2020-09-24 20:43:29.377992+00:00,,,528.78,555.07,569.12,571.66,367.92
2020-09-24 20:43:29.385992+00:00,,,528.22,554.97,569.8,572.03,368.58
2020-09-24 20:43:29.393992+00:00,,,526.84,553.66,569.44,571.01,367.39
2020-09-24 20:43:29.401992+00:00,,,529.66,555.59,569.8,572.95,371.04
2020-09-24 20:43:29.409992+00:00,,,527.29,552.38,568.22,572.38,371.66
2020-09-24 20:43:29.417992+00:00,,,525.03,551.19,567.2,571.75,369.88
2020-09-24 20:43:29.425992+00:00,,,524.69,551.5,567.27,572.63,370.78
2020-09-24 20:43:29.433992+00:00,,,527.22,552.87,566.93,571.68,368.65
2020-09-24 20:43:29.441992+00:00,,,525.21,550.25,565.15,571.2,367.85
2020-09-24 20:43:29.449992+00:00,,,526.37,551.84,566.66,572.08,368.37
2020-09-24 20:43:29.457992+00:00,,,527.14,552.68,568.09,573.28,368.3
2020-09-24 20:43:29.465992+00:00,,,526.66,551.7,567.41,573.48,369.34
2020-09-24 20:43:29.473992+00:00,,,526.87,551.16,566.8,573.89,369.85
2020-09-24 20:43:29.481992+00:00,,,525.52,550.5,565.29,573.76,369.86
2020-09-24 20:43:29.489992+00:00,,,527.93,552.19,567.02,574.67,370.38
2020-09-24 20:43:29.497992+00:00,,,527.2,551.4,566.47,574.54,369.74
2020-09-24 20:43:29.505992+00:00,,,527.25,550.69,564.82,572.49,368.26
2020-09-24 20:43:29.513992+00:00,,,526.97,549.0,563.9,572.36,369.03
2020-09-24 20:43:29.521992+00:00,,,526.34,549.34,563.62,572.68,368.15
2020-09-24 20:43:29.529992+00:00,,,,,,,
