Time,R_IEV,R_FLX,R_INV,R_DFX,R_EVR,R_PFX,R_HEEL
2020-10-20 21:33:28.757004+00:00,,,,,,,
2020-10-20 21:33:28.765004+00:00,,,,,,,
2020-10-20 21:33:28.773004+00:00,,,,,,,
2020-10-20 21:33:28.781004+00:00,,,,,,,
2020-10-20 21:33:28.789004+00:00,,,,,,,
2020-10-20 21:33:28.797004+00:00,,,,,,,
2020-10-20 21:33:28.805004+00:00,,,,,,,
2020-10-20 21:33:28.813004+00:00,,,,,,,
2020-10-20 21:33:28.821004+00:00,,,,,,,
2020-10-20 21:33:28.829004+00:00,,,,,,,
2020-10-20 21:33:28.837004+00:00,,,,,,,
2020-10-20 21:33:28.845004+00:00,,,,,,,
2020-10-20 21:33:28.853004+00:00,,,,,,,
2020-10-20 21:33:28.861004+00:00,,,,,,,
2020-10-20 21:33:28.869004+00:00,,,,,,,
2020-10-20 21:33:28.877004+00:00,,,,,,,
2020-10-20 21:33:28.885004+00:00,,,,,,,
2020-10-20 21:33:28.893004+00:00,,,,,,,
2020-10-20 21:33:28.901004+00:00,,,,,,,
2020-10-20 21:33:28.909004+00:00,,,,,,,
2020-10-20 21:33:28.917004+00:00,,,,,,,
2020-10-20 21:33:28.925004+00:00,,,,,,,
2020-10-20 21:33:28.933004+00:00,,,,,,,
2020-10-20 21:33:28.941004+00:00,,,,,,,
2020-10-20 21:33:28.949004+00:00,,,,,,,
2020-10-20 21:33:28.957004+00:00,,,,,,,
2020-10-20 21:33:28.965004+00:00,,,,,,,
2020-10-20 21:33:28.973004+00:00,,,,,,,
2020-10-20 21:33:28.981004+00:00,,,,,,,
2020-10-20 21:33:28.989004+00:00,,,,,,,
2020-10-20 21:33:28.997004+00:00,,,,,,,
2020-10-20 21:33:29.005004+00:00,,,,,,,
2020-10-20 21:33:29.013004+00:00,,,,,,,
2020-10-20 21:33:29.021004+00:00,,,,,,,
2020-10-20 21:33:29.029004+00:00,,,,,,,
2020-10-20 21:33:29.037004+00:00,,,,,,,
2020-10-20 21:33:29.045004+00:00,,,,,,,
2020-10-20 21:33:29.053004+00:00,,,,,,,
2020-10-20 21:33:29.061004+00:00,,,,,,,
2020-10-20 21:33:29.069004+00:00,,,,,,,
2020-10-20 21:33:29.077004+00:00,,,,,,,
2020-10-20 21:33:29.085004+00:00,,,,,,,
2020-10-20 21:33:29.093004+00:00,,,,,,,
2020-10-20 21:33:29.101004+00:00,,,,,,,
2020-10-20 21:33:29.109004+00:00,,,,,,,
2020-10-20 21:33:29.117004+00:00,,,,,,,
2020-10-20 21:33:29.125004+00:00,,,,,,,
2020-10-20 21:33:29.133004+00:00,,,,,,,
2020-10-20 21:33:29.141004+00:00,,,,,,,
2020-10-20 21:33:29.149004+00:00,,,,,,,
2020-10-20 21:33:29.157004+00:00,,,,,,,
2020-10-20 21:33:29.165004+00:00,,,,,,,
2020-10-20 21:33:29.173004+00:00,,,,,,,
2020-10-20 21:33:29.181004+00:00,,,,,,,
2020-10-20 21:33:29.189004+00:00,,,,,,,
2020-10-20 21:33:29.197004+00:00,,,,,,,
2020-10-20 21:33:29.205004+00:00,,,,,,,
2020-10-20 21:33:29.213004+00:00,,,,,,,
2020-10-20 21:33:29.221004+00:00,,,,,,,
2020-10-20 21:33:29.229004+00:00,,,,,,,
2020-10-20 21:33:29.237004+00:00,,,,,,,
2020-10-20 21:33:29.245004+00:00,,,,,,,
2020-10-20 21:33:29.253004+00:00,,,,,,,
2020-10-20 21:33:29.261004+00:00,,,,,,,
2020-10-20 21:33:29.269004+00:00,,,,,,,
2020-10-20 21:33:29.277004+00:00,,,,,,,
2020-10-20 21:33:29.285004+00:00,,,,,,,
2020-10-20 21:33:29.293004+00:00,,,,,,,
2020-10-20 21:33:29.301004+00:00,,,,,,,
2020-10-20 21:33:29.309004+00:00,,,,,,,
2020-10-20 21:33:29.317004+00:00,,,,,,,
2020-10-20 21:33:29.325004+00:00,,,,,,,
2020-10-20 21:33:29.333004+00:00,,,,,,,
2020-10-20 21:33:29.341004+00:00,,,,,,,
2020-10-20 21:33:29.349004+00:00,,,,,,,
2020-10-20 21:33:29.357004+00:00,,,,,,,
2020-10-20 21:33:29.365004+00:00,,,,,,,
2020-10-20 21:33:29.373004+00:00,,,,,,,
2020-10-20 21:33:29.381004+00:00,,,,,,,
2020-10-20 21:33:29.389004+00:00,,,,,,,
2020-10-20 21:33:29.397004+00:00,,,,,,,
2020-10-20 21:33:29.405004+00:00,,,,,,,
2020-10-20 21:33:29.413004+00:00,,,,,,,
2020-10-20 21:33:29.421004+00:00,,,,,,,
2020-10-20 21:33:29.429004+00:00,,,,,,,
2020-10-20 21:33:29.437004+00:00,,,,,,,
2020-10-20 21:33:29.445004+00:00,,,,,,,
2020-10-20 21:33:29.453004+00:00,,,,,,,
2020-10-20 21:33:29.461004+00:00,,,,,,,
2020-10-20 21:33:29.469004+00:00,,,,,,,
2020-10-20 21:33:29.477004+00:00,,,,,,,
2020-10-20 21:33:29.485004+00:00,,,,,,,
2020-10-20 21:33:29.493004+00:00,,,,,,,
2020-10-20 21:33:29.501004+00:00,,,,,,,
2020-10-20 21:33:29.509004+00:00,,,,,,,
2020-10-20 21:33:29.517004+00:00,,,,,,,
2020-10-20 21:33:29.525004+00:00,,,,,,,
2020-10-20 21:33:29.533004+00:00,,,,,,,
2020-10-20 21:33:29.541004+00:00,,,,,,,
2020-10-20 21:33:29.549004+00:00,,,,,,,
2020-10-20 21:33:29.557004+00:00,,,,,,,
2020-10-20 21:33:29.565004+00:00,,,,,,,
2020-10-20 21:33:29.573004+00:00,,,,,,,
2020-10-20 21:33:29.581004+00:00,,,,,,,
2020-10-20 21:33:29.589004+00:00,,,,,,,
2020-10-20 21:33:29.597004+00:00,,,,,,,
2020-10-20 21:33:29.605004+00:00,,,,,,,
2020-10-20 21:33:29.613004+00:00,,,,,,,
2020-10-20 21:33:29.621004+00:00,,,,,,,
2020-10-20 21:33:29.629004+00:00,,,,,,,
2020-10-20 21:33:29.637004+00:00,,,,,,,
2020-10-20 21:33:29.645004+00:00,,,,,,,
2020-10-20 21:33:29.653004+00:00,,,,,,,
2020-10-20 21:33:29.661004+00:00,,,,,,,
2020-10-20 21:33:29.669004+00:00,,,,,,,
2020-10-20 21:33:29.677004+00:00,,,,,,,
2020-10-20 21:33:29.685004+00:00,,,,,,,
2020-10-20 21:33:29.693004+00:00,,,,,,,
2020-10-20 21:33:29.701004+00:00,,,,,,,
2020-10-20 21:33:29.709004+00:00,,,,,,,
2020-10-20 21:33:29.717004+00:00,,,,,,,
2020-10-20 21:33:29.725004+00:00,,,,,,,
2020-10-20 21:33:29.733004+00:00,,,,,,,
2020-10-20 21:33:29.741004+00:00,,,,,,,
2020-10-20 21:33:29.749004+00:00,,,,,,,
2020-10-20 21:33:29.757004+00:00,,,,,,,
2020-10-20 21:33:29.765004+00:00,,,,,,,
2020-10-20 21:33:29.773004+00:00,,,517.0,508.1,560.6,640.2,368.3
2020-10-20 21:33:29.781004+00:00,,,517.4,507.8,560.2,639.8,368.4
2020-10-20 21:33:29.789004+00:00,,,517.6,508.2,560.2,638.9,368.0
2020-10-20 21:33:29.797004+00:00,,,517.0,508.6,560.6,639.8,368.4
2020-10-20 21:33:29.805004+00:00,,,517.5,508.3,559.8,639.4,368.2
2020-10-20 21:33:29.813004+00:00,,,514.5,506.9,560.8,640.3,368.7
2020-10-20 21:33:29.821004+00:00,,,517.6,507.6,560.5,639.9,368.4
2020-10-20 21:33:29.829004+00:00,,,517.6,508.6,560.4,639.5,368.1
2020-10-20 21:33:29.837004+00:00,,,517.4,508.6,560.6,639.1,368.1
2020-10-20 21:33:29.845004+00:00,,,517.3,508.6,560.4,639.7,368.3
2020-10-20 21:33:29.853004+00:00,,,517.5,508.7,560.9,639.8,368.1
2020-10-20 21:33:29.861004+00:00,,,517.3,508.4,560.6,639.7,368.3
2020-10-20 21:33:29.869004+00:00,,,517.2,508.1,560.4,639.8,368.4
2020-10-20 21:33:29.877004+00:00,,,517.2,508.9,560.4,639.7,368.3
2020-10-20 21:33:29.885004+00:00,,,516.9,507.7,560.6,639.3,368.3
2020-10-20 21:33:29.893004+00:00,,,517.3,507.8,560.4,639.7,368.3
2020-10-20 21:33:29.901004+00:00,,,517.8,508.9,560.9,639.9,368.8
2020-10-20 21:33:29.909004+00:00,,,517.4,508.0,560.3,639.4,368.2
2020-10-20 21:33:29.917004+00:00,,,516.9,508.2,560.0,639.6,368.6
2020-10-20 21:33:29.925004+00:00,,,517.1,508.4,560.2,639.8,368.6
2020-10-20 21:33:29.933004+00:00,,,517.6,508.6,560.4,638.9,368.6
2020-10-20 21:33:29.941004+00:00,,,517.7,508.3,560.2,639.3,368.2
2020-10-20 21:33:29.949004+00:00,,,516.0,506.4,558.4,638.5,368.0
2020-10-20 21:33:29.957004+00:00,,,517.6,508.4,560.3,639.4,368.2
2020-10-20 21:33:29.965004+00:00,,,516.8,508.1,560.6,640.1,367.7
2020-10-20 21:33:29.973004+00:00,,,517.5,508.8,560.7,639.6,368.4
2020-10-20 21:33:29.981004+00:00,,,517.0,508.6,560.4,639.2,368.2
2020-10-20 21:33:29.989004+00:00,,,517.7,507.6,559.5,639.5,368.6
2020-10-20 21:33:29.997004+00:00,,,517.8,508.3,560.3,639.6,368.1
2020-10-20 21:33:30.005004+00:00,,,517.5,508.3,560.2,639.5,368.6
2020-10-20 21:33:30.013004+00:00,,,517.7,508.4,560.5,639.5,368.3
2020-10-20 21:33:30.021004+00:00,,,517.3,508.4,560.5,640.0,368.3
2020-10-20 21:33:30.029004+00:00,,,517.2,508.6,560.8,639.7,368.1
2020-10-20 21:33:30.037004+00:00,,,517.5,507.4,559.4,639.8,369.2
2020-10-20 21:33:30.045004+00:00,,,517.2,508.2,560.4,639.6,368.7
2020-10-20 21:33:30.053004+00:00,,,517.6,508.0,560.4,639.5,368.2
2020-10-20 21:33:30.061004+00:00,,,517.8,508.4,560.1,638.9,368.7
2020-10-20 21:33:30.069004+00:00,,,516.9,508.2,560.8,639.6,368.1
2020-10-20 21:33:30.077004+00:00,,,517.4,508.6,560.9,639.6,368.2
2020-10-20 21:33:30.085004+00:00,,,518.5,508.3,559.3,638.9,368.1
2020-10-20 21:33:30.093004+00:00,,,517.0,507.6,559.8,640.0,368.4
2020-10-20 21:33:30.101004+00:00,,,517.5,508.4,559.9,639.7,368.2
2020-10-20 21:33:30.109004+00:00,,,517.8,508.6,559.9,639.8,368.3
2020-10-20 21:33:30.117004+00:00,,,517.2,508.6,560.0,638.9,368.2
2020-10-20 21:33:30.125004+00:00,,,517.2,509.2,561.6,639.3,367.3
2020-10-20 21:33:30.133004+00:00,,,516.7,507.4,560.4,640.0,368.3
2020-10-20 21:33:30.141004+00:00,,,517.1,507.7,559.8,640.0,368.6
2020-10-20 21:33:30.149004+00:00,,,517.7,508.0,559.7,639.7,368.6
2020-10-20 21:33:30.157004+00:00,,,517.19,508.1,560.3,639.59,367.8
2020-10-20 21:33:30.165004+00:00,,,517.41,508.56,560.25,639.17,367.84
2020-10-20 21:33:30.173004+00:00,,,517.18,509.67,562.0,638.83,366.01
2020-10-20 21:33:30.181004+00:00,,,516.82,507.65,560.13,639.91,368.49
2020-10-20 21:33:30.189004+00:00,,,517.71,507.71,559.72,639.51,369.18
2020-10-20 21:33:30.197004+00:00,,,517.5,507.81,560.08,640.09,368.37
2020-10-20 21:33:30.205004+00:00,,,518.02,508.1,559.31,639.29,368.0
2020-10-20 21:33:30.213004+00:00,,,518.08,508.0,560.22,639.72,368.1
2020-10-20 21:33:30.221004+00:00,,,517.27,508.2,560.0,639.8,368.01
2020-10-20 21:33:30.229004+00:00,,,516.79,507.77,560.19,640.01,368.73
2020-10-20 21:33:30.237004+00:00,,,516.7,507.2,559.69,639.88,368.88
2020-10-20 21:33:30.245004+00:00,,,517.03,507.83,559.9,639.08,368.09
2020-10-20 21:33:30.253004+00:00,,,517.69,507.98,559.81,639.34,368.52
2020-10-20 21:33:30.261004+00:00,,,517.13,507.39,560.09,640.29,368.6
2020-10-20 21:33:30.269004+00:00,,,518.61,507.71,559.5,639.07,368.58
2020-10-20 21:33:30.277004+00:00,,,517.46,507.91,560.01,639.32,367.98
2020-10-20 21:33:30.285004+00:00,,,517.51,508.3,559.8,639.71,368.01
2020-10-20 21:33:30.293004+00:00,,,517.71,508.1,560.22,639.58,368.31
2020-10-20 21:33:30.301004+00:00,,,517.35,507.96,560.41,639.66,368.62
2020-10-20 21:33:30.309004+00:00,,,516.1,506.9,560.49,641.39,368.89
2020-10-20 21:33:30.317004+00:00,,,517.34,507.83,560.2,639.56,368.28
2020-10-20 21:33:30.325004+00:00,,,517.18,507.78,560.39,640.13,368.11
2020-10-20 21:33:30.333004+00:00,,,516.91,507.3,560.0,640.4,368.72
2020-10-20 21:33:30.341004+00:00,,,517.52,507.82,560.2,640.17,368.79
2020-10-20 21:33:30.349004+00:00,,,517.6,507.9,560.1,639.28,368.28
2020-10-20 21:33:30.357004+00:00,,,517.71,507.99,560.31,639.21,367.9
2020-10-20 21:33:30.365004+00:00,,,517.79,507.92,560.41,639.3,368.2
2020-10-20 21:33:30.373004+00:00,,,517.18,508.49,560.71,639.32,368.1
2020-10-20 21:33:30.381004+00:00,,,516.99,507.58,560.68,639.91,368.63
2020-10-20 21:33:30.389004+00:00,,,517.15,507.94,560.0,639.67,368.87
2020-10-20 21:33:30.397004+00:00,,,518.81,508.8,560.4,639.1,367.78
2020-10-20 21:33:30.405004+00:00,,,517.65,507.97,559.98,639.63,368.12
2020-10-20 21:33:30.413004+00:00,,,517.31,507.71,560.01,640.0,368.08
2020-10-20 21:33:30.421004+00:00,,,517.6,508.21,560.41,639.79,367.71
2020-10-20 21:33:30.429004+00:00,,,516.96,507.85,560.5,640.15,368.63
2020-10-20 21:33:30.437004+00:00,,,517.1,507.37,560.38,640.27,368.22
2020-10-20 21:33:30.445004+00:00,,,519.91,509.91,559.69,636.39,366.21
2020-10-20 21:33:30.453004+00:00,,,517.64,508.05,560.03,639.81,368.26
2020-10-20 21:33:30.461004+00:00,,,517.81,508.3,560.6,639.87,368.07
2020-10-20 21:33:30.469004+00:00,,,517.37,507.37,560.4,639.92,367.91
2020-10-20 21:33:30.477004+00:00,,,516.67,507.3,560.81,640.53,368.3
2020-10-20 21:33:30.485004+00:00,,,516.31,507.0,560.68,641.31,368.2
2020-10-20 21:33:30.493004+00:00,,,517.24,507.32,559.98,640.97,368.61
2020-10-20 21:33:30.501004+00:00,,,517.8,507.5,559.7,640.06,368.58
2020-10-20 21:33:30.509004+00:00,,,517.49,507.29,559.92,639.62,368.1
2020-10-20 21:33:30.517004+00:00,,,517.51,507.31,560.42,640.4,368.07
2020-10-20 21:33:30.525004+00:00,,,517.13,507.38,560.48,640.24,367.98
2020-10-20 21:33:30.533004+00:00,,,515.4,506.7,560.0,641.69,370.39
2020-10-20 21:33:30.541004+00:00,,,517.23,507.23,560.29,639.99,367.65
2020-10-20 21:33:30.549004+00:00,,,517.58,507.19,559.9,639.7,367.98
2020-10-20 21:33:30.557004+00:00,,,517.16,507.07,560.09,639.84,368.5
2020-10-20 21:33:30.565004+00:00,,,516.92,506.95,559.82,640.28,368.17
2020-10-20 21:33:30.573004+00:00,,,517.3,507.94,560.41,639.82,368.01
2020-10-20 21:33:30.581004+00:00,,,517.11,507.53,560.1,640.65,368.2
2020-10-20 21:33:30.589004+00:00,,,517.51,507.02,560.4,640.69,367.98
2020-10-20 21:33:30.597004+00:00,,,517.3,507.6,559.85,640.6,368.28
2020-10-20 21:33:30.605004+00:00,,,517.39,507.07,559.73,640.71,369.18
2020-10-20 21:33:30.613004+00:00,,,517.09,507.25,560.09,640.8,368.16
2020-10-20 21:33:30.621004+00:00,,,517.33,507.83,559.82,640.44,368.29
2020-10-20 21:33:30.629004+00:00,,,517.47,507.66,560.4,639.92,367.91
2020-10-20 21:33:30.637004+00:00,,,516.88,507.2,559.76,640.26,368.43
2020-10-20 21:33:30.645004+00:00,,,517.27,507.62,559.82,639.39,368.27
2020-10-20 21:33:30.653004+00:00,,,517.78,507.48,560.02,640.03,368.23
2020-10-20 21:33:30.661004+00:00,,,517.21,507.8,560.21,639.39,368.21
2020-10-20 21:33:30.669004+00:00,,,517.69,509.12,560.55,638.67,367.01
2020-10-20 21:33:30.677004+00:00,,,517.08,507.99,560.74,640.25,368.25
2020-10-20 21:33:30.685004+00:00,,,517.43,507.32,559.67,639.65,367.98
2020-10-20 21:33:30.693004+00:00,,,517.49,507.9,560.03,639.38,367.98
2020-10-20 21:33:30.701004+00:00,,,517.16,507.49,560.6,639.97,368.21
2020-10-20 21:33:30.709004+00:00,,,517.8,507.58,560.3,639.72,368.18
2020-10-20 21:33:30.717004+00:00,,,519.83,507.21,556.21,633.38,363.74
2020-10-20 21:33:30.725004+00:00,,,516.99,507.61,560.13,640.48,368.47
2020-10-20 21:33:30.733004+00:00,,,517.88,507.51,560.14,640.1,368.45
2020-10-20 21:33:30.741004+00:00,,,517.62,507.79,559.89,640.23,368.61
2020-10-20 21:33:30.749004+00:00,,,517.04,507.51,560.05,640.06,368.24
2020-10-20 21:33:30.757004+00:00,,,518.02,507.79,560.84,639.85,367.59
2020-10-20 21:33:30.765004+00:00,,,517.35,507.28,560.53,640.72,368.05
2020-10-20 21:33:30.773004+00:00,,,517.2,507.4,559.79,640.14,368.4
2020-10-20 21:33:30.781004+00:00,,,517.09,507.17,560.11,639.82,368.3
2020-10-20 21:33:30.789004+00:00,,,517.36,506.89,559.9,640.56,368.51
2020-10-20 21:33:30.797004+00:00,,,517.5,507.17,559.86,640.51,368.51
2020-10-20 21:33:30.805004+00:00,,,516.13,508.01,559.3,639.17,368.6
2020-10-20 21:33:30.813004+00:00,1.4420099769395829,-26.422423018146166,517.53,507.46,559.83,639.87,368.38
2020-10-20 21:33:30.821004+00:00,1.7852516814785444,-26.88443410313587,516.68,507.3,559.8,640.08,368.32
2020-10-20 21:33:30.829004+00:00,1.6812547290221806,-26.991088608549315,517.35,507.31,560.13,639.69,368.61
2020-10-20 21:33:30.837004+00:00,1.3330830690475812,-26.494461645616237,517.12,507.38,560.27,639.92,368.37
2020-10-20 21:33:30.845004+00:00,1.1503435744361759,-26.577038926426702,516.43,507.11,559.79,640.0,368.11
2020-10-20 21:33:30.853004+00:00,1.207516391890474,-26.16825304969682,517.45,507.4,560.25,640.12,368.4
2020-10-20 21:33:30.861004+00:00,1.3882823209749746,-27.22037180580944,517.39,507.19,560.47,640.15,368.21
2020-10-20 21:33:30.869004+00:00,1.311643972926869,-27.379159884763347,517.63,507.31,559.76,639.16,368.63
2020-10-20 21:33:30.877004+00:00,1.16796541566883,-27.000906798327943,518.02,507.92,559.61,638.83,368.69
2020-10-20 21:33:30.885004+00:00,1.1235173216245948,-27.11755454781961,517.6,509.41,559.96,637.65,368.49
2020-10-20 21:33:30.893004+00:00,1.2514410303375196,-27.149623690191223,516.62,509.09,560.36,637.21,368.38
2020-10-20 21:33:30.901004+00:00,1.2524018869327291,-27.49384476254692,517.75,511.32,559.34,635.48,368.23
2020-10-20 21:33:30.909004+00:00,1.253554276373017,-27.032263413521573,517.35,512.12,559.33,633.9,368.82
2020-10-20 21:33:30.917004+00:00,1.1883558651825898,-27.019897630688483,517.0,515.08,559.61,629.54,368.69
2020-10-20 21:33:30.925004+00:00,1.2697206498769742,-27.836290901833728,517.09,519.04,560.19,624.02,368.7
2020-10-20 21:33:30.933004+00:00,1.433284278124127,-27.188836746684487,516.48,524.39,562.0,620.56,368.58
2020-10-20 21:33:30.941004+00:00,2.008100320440847,-24.72057685747865,515.39,530.39,562.31,615.03,368.37
2020-10-20 21:33:30.949004+00:00,1.731901393610526,-26.777372853400617,514.75,536.35,563.56,611.28,368.2
2020-10-20 21:33:30.957004+00:00,1.4132300967367628,-27.112966533397085,514.47,542.95,563.54,607.44,368.57
2020-10-20 21:33:30.965004+00:00,1.934808510071067,-23.46176347343382,514.28,548.58,564.25,603.97,368.99
2020-10-20 21:33:30.973004+00:00,1.912187735764614,-24.590956005213513,513.93,553.29,564.75,602.04,368.69
2020-10-20 21:33:30.981004+00:00,1.9270618047827248,-25.217492786536198,513.5,558.48,565.33,599.45,368.78
2020-10-20 21:33:30.989004+00:00,2.224292702516462,-23.97147774708455,513.83,563.03,564.36,595.13,368.37
2020-10-20 21:33:30.997004+00:00,2.7226805872366486,-22.576117287762408,513.36,567.64,567.95,595.34,368.55
2020-10-20 21:33:31.005004+00:00,3.367362105336842,-21.53692447688282,512.41,571.97,566.98,592.19,368.77
2020-10-20 21:33:31.013004+00:00,3.1377765002628286,-19.0995344299605,512.98,575.46,568.06,590.89,368.41
2020-10-20 21:33:31.021004+00:00,2.2979535959124577,-14.879981968496443,512.14,577.64,567.41,590.61,369.11
2020-10-20 21:33:31.029004+00:00,1.6806595284700465,-13.588791239046696,512.2,579.13,567.11,591.28,369.45
2020-10-20 21:33:31.037004+00:00,0.5194602973834046,-10.276854160596056,511.97,582.75,567.6,588.99,368.65
2020-10-20 21:33:31.045004+00:00,0.5035330980931406,-8.639020238490057,512.05,584.74,567.91,588.62,368.84
2020-10-20 21:33:31.053004+00:00,0.0033100820295899973,-6.035637342636786,512.23,586.65,566.89,588.55,368.88
2020-10-20 21:33:31.061004+00:00,-0.6652248602137816,-4.245308993101535,511.5,587.54,567.11,587.96,368.98
2020-10-20 21:33:31.069004+00:00,-0.5562893647432254,-3.5924952712682123,512.0,589.36,566.4,587.76,369.28
2020-10-20 21:33:31.077004+00:00,0.5923880041761622,-2.6354242987917487,511.32,591.26,567.49,587.38,368.28
2020-10-20 21:33:31.085004+00:00,0.6797677251342084,-2.888198407276106,511.27,592.1,565.41,587.53,369.7
2020-10-20 21:33:31.093004+00:00,-0.3266884516924314,-1.0327556974515115,511.65,593.11,566.01,587.3,368.69
2020-10-20 21:33:31.101004+00:00,-1.7164624944815565,2.2261987416422184,511.16,594.01,565.36,586.37,369.54
2020-10-20 21:33:31.109004+00:00,-2.5154799654689923,2.595270072944782,511.57,594.74,565.76,586.6,368.76
2020-10-20 21:33:31.117004+00:00,-0.013602827488978793,0.6628707291761899,511.11,595.53,565.44,585.72,368.25
2020-10-20 21:33:31.125004+00:00,-4.610657104146544,9.3850570757755,514.15,597.87,564.33,584.89,369.17
2020-10-20 21:33:31.133004+00:00,-6.851498893273667,11.850112400604166,510.84,597.96,565.89,586.52,369.17
2020-10-20 21:33:31.141004+00:00,-3.640812366500198,7.163048183270945,510.93,597.95,566.73,586.46,369.12
2020-10-20 21:33:31.149004+00:00,-5.119283824924816,11.911997229420061,510.54,598.39,566.57,586.27,369.42
2020-10-20 21:33:31.157004+00:00,-1.3002327476817523,7.17798472401778,511.13,598.82,567.22,586.38,368.97
2020-10-20 21:33:31.165004+00:00,0.03471399852835014,6.042917313871179,512.64,600.84,568.91,586.96,368.12
2020-10-20 21:33:31.173004+00:00,0.8169253885377573,6.582065439502697,510.78,599.85,567.71,585.9,369.09
2020-10-20 21:33:31.181004+00:00,0.6051674493061064,6.407898927009166,511.01,600.47,568.23,585.57,369.18
2020-10-20 21:33:31.189004+00:00,-3.258955179602709,9.486275955716094,510.68,600.87,568.89,585.4,369.1
2020-10-20 21:33:31.197004+00:00,-7.029805264393822,17.1860386956518,510.52,601.13,568.5,585.91,369.35
2020-10-20 21:33:31.205004+00:00,-10.698689304457043,24.70267112863717,509.64,600.13,568.8,586.74,369.59
2020-10-20 21:33:31.213004+00:00,-2.2810881086654646,11.048606203596256,510.02,600.37,568.77,586.29,369.28
2020-10-20 21:33:31.221004+00:00,-7.99723039144572,18.414303102626448,510.79,601.08,569.65,585.45,369.14
2020-10-20 21:33:31.229004+00:00,-8.079170314014336,18.171056186507155,510.17,601.66,569.75,585.52,368.87
2020-10-20 21:33:31.237004+00:00,-4.52636133580313,13.292809487654912,510.41,602.04,570.46,585.46,369.58
2020-10-20 21:33:31.245004+00:00,-5.939052534621003,17.062654645750225,510.02,602.06,570.62,585.51,369.01
2020-10-20 21:33:31.253004+00:00,-5.716981529254965,15.465662843724612,509.61,601.44,570.94,586.5,369.74
2020-10-20 21:33:31.261004+00:00,-6.119155201419895,15.662033374168688,510.03,601.47,571.11,585.5,369.45
2020-10-20 21:33:31.269004+00:00,-6.017978538426648,16.09507578205991,509.85,602.12,571.37,585.59,369.46
2020-10-20 21:33:31.277004+00:00,-5.975373160963822,9.88895791316558,509.61,601.91,571.78,586.05,369.75
2020-10-20 21:33:31.285004+00:00,-6.2017464239836615,13.721771613010134,510.19,602.35,571.43,585.27,369.11
2020-10-20 21:33:31.293004+00:00,-6.248631549089483,10.126244044426898,510.56,602.34,571.73,585.64,369.61
2020-10-20 21:33:31.301004+00:00,-6.578707937928916,7.217601537126999,509.71,601.65,571.06,585.85,369.17
2020-10-20 21:33:31.309004+00:00,-6.403807644648818,8.470582834286176,509.87,601.62,572.12,585.85,369.36
2020-10-20 21:33:31.317004+00:00,-6.560122274802488,8.177908686977942,510.62,601.85,571.17,584.95,369.3
2020-10-20 21:33:31.325004+00:00,-6.9307917387483124,8.056784716287043,509.71,601.95,571.03,585.81,368.7
2020-10-20 21:33:31.333004+00:00,-7.31409260687989,9.870229671256231,510.26,601.91,571.35,585.14,368.98
2020-10-20 21:33:31.341004+00:00,-7.988474933524596,15.411842074309037,509.29,602.24,571.34,585.49,368.73
2020-10-20 21:33:31.349004+00:00,-7.751367222388119,11.416363317077344,509.36,600.73,570.87,585.96,369.08
2020-10-20 21:33:31.357004+00:00,-7.178010090164743,8.077955524130669,509.9,601.22,570.73,586.08,368.86
2020-10-20 21:33:31.365004+00:00,-7.651821796279096,10.7093246694673,510.3,600.91,570.29,585.88,369.25
2020-10-20 21:33:31.373004+00:00,-8.158049998623524,15.44142544373107,510.11,601.49,570.82,585.76,368.59
2020-10-20 21:33:31.381004+00:00,-7.75977324508357,12.012983178046538,509.53,600.76,571.16,585.64,369.18
2020-10-20 21:33:31.389004+00:00,-7.752736277529815,14.46572933454232,508.29,599.18,570.82,586.01,368.98
2020-10-20 21:33:31.397004+00:00,-7.448666829160665,11.985255343131142,509.92,600.92,571.36,585.94,368.44
2020-10-20 21:33:31.405004+00:00,-7.565526314163982,14.135056459420833,509.27,600.31,571.07,586.16,369.31
2020-10-20 21:33:31.413004+00:00,-8.190161940768219,12.417106353972502,509.35,600.47,570.39,585.68,369.33
2020-10-20 21:33:31.421004+00:00,-7.753714615361525,9.19477813895471,510.49,600.66,570.42,585.46,369.02
2020-10-20 21:33:31.429004+00:00,-7.577919650134212,9.900135898810303,510.38,600.28,570.12,584.76,369.12
2020-10-20 21:33:31.437004+00:00,-6.89253731600208,8.206642599471726,510.37,600.25,571.38,586.1,368.67
2020-10-20 21:33:31.445004+00:00,-8.271058597200117,10.219357533129402,509.9,599.75,571.21,586.61,369.54
2020-10-20 21:33:31.453004+00:00,-6.576887435442821,7.764845407464602,509.64,599.69,571.35,586.18,369.01
2020-10-20 21:33:31.461004+00:00,-2.8489691940257176,7.740499267894175,510.29,599.76,571.06,585.72,368.94
2020-10-20 21:33:31.469004+00:00,-5.939725510462294,7.085573064750948,509.27,598.99,571.58,585.66,368.74
2020-10-20 21:33:31.477004+00:00,-7.2287115685372525,6.638188019183229,510.25,599.33,572.63,586.85,370.14
2020-10-20 21:33:31.485004+00:00,-2.1056787016594516,10.771819362168399,516.51,604.34,575.27,590.42,373.94
2020-10-20 21:33:31.493004+00:00,-1.1881715888788698,9.417672356666356,508.98,597.13,572.41,585.53,368.15
2020-10-20 21:33:31.501004+00:00,-1.5701657931235309,11.01917644720618,509.41,597.45,573.46,586.66,369.54
2020-10-20 21:33:31.509004+00:00,-1.3991783657444852,8.791143685357206,509.42,596.3,573.28,586.15,369.68
2020-10-20 21:33:31.517004+00:00,-1.9177452684492895,5.84035302035895,509.15,595.64,573.91,586.2,369.25
2020-10-20 21:33:31.525004+00:00,-1.5728898275441932,7.117634690867379,506.79,595.36,576.48,587.08,368.37
2020-10-20 21:33:31.533004+00:00,-1.7818878884323845,7.25311824100114,509.84,594.74,575.62,585.81,368.73
2020-10-20 21:33:31.541004+00:00,-1.286173134218865,7.6759497374817665,508.82,593.52,576.68,586.85,368.72
2020-10-20 21:33:31.549004+00:00,-1.9307127351337319,7.784913964376662,509.62,592.25,576.53,586.39,369.19
2020-10-20 21:33:31.557004+00:00,-6.361173759996384,7.875766049380242,508.07,590.59,576.87,586.68,369.5
2020-10-20 21:33:31.565004+00:00,-3.4370158426466464,7.7481713027312855,508.65,590.12,576.39,586.15,369.1
2020-10-20 21:33:31.573004+00:00,-5.8796771601899165,5.670286221152298,509.08,590.08,576.9,586.24,368.57
2020-10-20 21:33:31.581004+00:00,-8.904667268360754,12.13653595600083,508.82,589.15,577.66,586.26,368.75
2020-10-20 21:33:31.589004+00:00,-8.211382578050053,14.87091377130107,509.07,589.25,578.57,586.15,368.72
2020-10-20 21:33:31.597004+00:00,-7.452540364610302,5.775690953362411,508.4,588.03,578.46,586.77,368.34
2020-10-20 21:33:31.605004+00:00,-8.551206366346378,6.473264606370783,508.69,586.43,578.11,586.61,369.27
2020-10-20 21:33:31.613004+00:00,-10.100906122389231,12.602673922044817,509.54,585.49,577.86,586.23,369.48
2020-10-20 21:33:31.621004+00:00,-10.096250488136493,12.832514473316463,508.56,583.73,578.58,586.58,368.42
2020-10-20 21:33:31.629004+00:00,-5.865127794238598,5.686425299017171,509.19,581.82,578.85,586.21,368.48
2020-10-20 21:33:31.637004+00:00,-3.7253316260326246,3.41086781402942,509.14,578.66,579.71,586.81,368.19
2020-10-20 21:33:31.645004+00:00,-4.0944181156532204,4.313679209706186,508.61,575.92,581.52,587.55,368.15
2020-10-20 21:33:31.653004+00:00,-4.117753882147189,4.222014384577964,509.09,573.4,581.15,587.44,368.42
2020-10-20 21:33:31.661004+00:00,-4.34799180033112,3.465369434165429,510.7,568.64,578.43,586.26,369.51
2020-10-20 21:33:31.669004+00:00,-4.53402886911856,2.849769773948163,509.49,567.16,582.26,588.77,367.85
2020-10-20 21:33:31.677004+00:00,-4.556485983584994,2.7939056678170417,509.61,564.23,581.47,589.16,368.04
2020-10-20 21:33:31.685004+00:00,-4.658652582375575,2.2401347442888775,509.66,562.64,582.68,589.93,368.13
2020-10-20 21:33:31.693004+00:00,-4.729684007198038,2.3329989556978097,509.44,560.41,583.29,591.16,368.44
2020-10-20 21:33:31.701004+00:00,-4.978582474402931,1.990352524646867,508.71,558.12,583.28,592.57,368.34
2020-10-20 21:33:31.709004+00:00,-5.928519816682448,1.2864659672541303,510.39,556.28,582.86,592.53,368.11
2020-10-20 21:33:31.717004+00:00,-5.961699640570166,0.9260596476119901,509.94,553.64,583.05,593.62,368.48
2020-10-20 21:33:31.725004+00:00,-5.086883525652299,-0.8320592778427215,510.46,550.06,582.41,594.44,368.71
2020-10-20 21:33:31.733004+00:00,-5.450051753929646,-2.6083244897384033,510.07,545.97,583.77,596.8,368.21
2020-10-20 21:33:31.741004+00:00,-6.078780142048286,-2.6805214359755842,511.54,542.81,583.41,599.64,367.5
2020-10-20 21:33:31.749004+00:00,-6.103717694397105,-3.133884870417724,512.35,537.3,582.65,604.3,367.95
2020-10-20 21:33:31.757004+00:00,-5.833461993787948,-4.676597662830822,511.84,531.31,581.97,606.84,368.26
2020-10-20 21:33:31.765004+00:00,-5.903222300526523,-6.0904263762027595,512.09,526.89,579.75,609.81,369.04
2020-10-20 21:33:31.773004+00:00,-6.267967228839839,-6.492924600615067,511.63,523.62,578.93,612.75,368.42
2020-10-20 21:33:31.781004+00:00,-6.434215738960575,-6.746507834176019,512.95,520.56,578.44,616.53,368.06
2020-10-20 21:33:31.789004+00:00,-6.557670635939859,-6.706401186256784,512.84,519.48,577.79,618.08,367.97
2020-10-20 21:33:31.797004+00:00,-6.218898019577786,-9.743305396780292,512.68,519.0,578.13,619.38,366.96
2020-10-20 21:33:31.805004+00:00,-6.226592371378225,-11.046295899429802,512.56,518.9,577.96,619.73,368.13
2020-10-20 21:33:31.813004+00:00,-6.7436696220624555,-10.073011746748923,512.38,519.72,577.93,619.29,367.93
2020-10-20 21:33:31.821004+00:00,-5.226048644326937,-14.262975568373644,512.26,520.07,578.13,618.03,367.97
2020-10-20 21:33:31.829004+00:00,-4.475958881873465,-17.07532950415421,512.62,520.44,578.05,618.13,368.31
2020-10-20 21:33:31.837004+00:00,-5.0452366659366925,-17.3490825192408,511.93,519.66,578.27,619.24,368.38
2020-10-20 21:33:31.845004+00:00,-5.130203597233601,-19.427640715293837,509.29,518.42,578.8,620.06,368.96
2020-10-20 21:33:31.853004+00:00,-5.128226202204667,-21.926338552027193,512.75,519.05,577.47,620.32,368.51
2020-10-20 21:33:31.861004+00:00,-5.68169188571566,-23.13970389769824,512.53,517.76,576.8,621.44,367.79
2020-10-20 21:33:31.869004+00:00,-6.0659668355058916,-23.64761021292435,511.93,516.8,576.3,622.47,368.1
2020-10-20 21:33:31.877004+00:00,-5.84210406853438,-23.895297647082693,512.46,515.52,575.8,623.61,368.07
2020-10-20 21:33:31.885004+00:00,-5.599932351351791,-23.82285817724261,513.7,514.33,575.16,625.4,368.34
2020-10-20 21:33:31.893004+00:00,-5.486904574914428,-23.09955748216442,513.29,513.47,574.34,626.49,367.77
2020-10-20 21:33:31.901004+00:00,-5.613321922492785,-23.022478120372515,512.8,512.05,573.89,627.53,368.04
2020-10-20 21:33:31.909004+00:00,-6.275911943155507,-22.88456933127465,512.84,511.34,573.99,628.72,367.96
2020-10-20 21:33:31.917004+00:00,-6.525342119709766,-22.282568405324376,513.49,510.93,573.59,629.85,367.93
2020-10-20 21:33:31.925004+00:00,-6.158843611862017,-22.451612122793154,513.11,510.34,573.52,630.93,367.92
2020-10-20 21:33:31.933004+00:00,-5.711614140569074,-22.63482804316629,513.54,511.1,574.4,630.78,367.5
2020-10-20 21:33:31.941004+00:00,-5.13088847581301,-23.174084198260946,513.35,511.05,574.37,630.48,367.83
2020-10-20 21:33:31.949004+00:00,-4.871631893585972,-23.686231818177678,513.33,510.89,574.63,631.49,367.65
2020-10-20 21:33:31.957004+00:00,-4.770738882711256,-23.718461234157903,513.36,510.56,574.9,632.24,367.99
2020-10-20 21:33:31.965004+00:00,-4.925696384976127,-23.91382491199309,513.42,510.18,574.51,632.39,367.78
2020-10-20 21:33:31.973004+00:00,-4.885714692496508,-24.726379824988797,513.81,510.29,574.92,632.49,366.02
2020-10-20 21:33:31.981004+00:00,-4.811345302664747,-25.397614299983392,513.08,508.58,573.15,634.54,368.12
2020-10-20 21:33:31.989004+00:00,-4.973850280693085,-25.5264084719756,513.71,508.05,572.92,635.25,367.7
2020-10-20 21:33:31.997004+00:00,-4.941142249748399,-25.803061314226333,513.73,507.04,572.67,637.33,367.93
2020-10-20 21:33:32.005004+00:00,-5.206675704200946,-25.798488029024053,513.38,506.15,572.06,639.58,368.06
2020-10-20 21:33:32.013004+00:00,-5.3227500743649205,-25.658130637206856,514.21,506.35,570.51,639.8,368.01
2020-10-20 21:33:32.021004+00:00,-5.246665392944421,-25.762997191531227,515.27,507.44,567.69,638.71,369.56
2020-10-20 21:33:32.029004+00:00,-5.4425704321962405,-25.726864381704885,514.1,503.49,569.63,643.87,367.82
2020-10-20 21:33:32.037004+00:00,-5.462725397075571,-26.28259057742443,513.8,503.76,569.46,643.74,367.38
2020-10-20 21:33:32.045004+00:00,-5.3814125857308355,-26.88607497126069,514.1,503.63,569.48,644.05,367.79
2020-10-20 21:33:32.053004+00:00,-5.427369293491255,-27.109939603528144,514.21,504.24,569.97,644.29,368.32
2020-10-20 21:33:32.061004+00:00,-5.317022177238353,-27.414106120219405,513.87,504.43,570.93,644.22,367.58
2020-10-20 21:33:32.069004+00:00,-4.982072584470157,-27.89996035358427,514.38,504.32,570.13,643.12,368.05
2020-10-20 21:33:32.077004+00:00,-4.773816122039463,-28.025396531792524,513.8,504.85,571.43,643.31,368.22
2020-10-20 21:33:32.085004+00:00,-4.412529922833052,-28.459552023438107,513.86,504.26,572.18,643.23,368.73
2020-10-20 21:33:32.093004+00:00,-4.284092609945281,-28.97521972395739,514.36,504.54,571.83,643.4,368.4
2020-10-20 21:33:32.101004+00:00,-4.036723691188263,-29.09459945151539,514.09,505.04,572.0,643.12,367.63
2020-10-20 21:33:32.109004+00:00,-3.475790830448245,-28.367103775703633,513.41,505.63,572.69,643.24,367.11
2020-10-20 21:33:32.117004+00:00,-3.7262723430670306,-28.554725914323217,514.6,504.39,570.94,644.23,367.8
2020-10-20 21:33:32.125004+00:00,-4.453920085905148,-28.952321376888566,513.69,503.41,570.77,644.93,367.75
2020-10-20 21:33:32.133004+00:00,-4.915379653078375,-28.63187914644009,514.54,503.89,571.17,644.67,367.79
2020-10-20 21:33:32.141004+00:00,-5.174240197564449,-28.27941148017305,515.2,504.45,571.56,644.49,366.69
2020-10-20 21:33:32.149004+00:00,-5.187915132451803,-28.12022209408224,514.1,502.27,569.86,646.22,367.91
2020-10-20 21:33:32.157004+00:00,-5.070005987484558,-27.889855503666155,513.9,502.67,569.8,646.57,367.73
2020-10-20 21:33:32.165004+00:00,-4.948166779441655,-27.42451138084365,513.89,502.61,569.88,647.19,367.77
2020-10-20 21:33:32.173004+00:00,-4.85521107356101,-28.472593570067936,513.95,502.88,570.21,646.78,367.04
2020-10-20 21:33:32.181004+00:00,-5.220503646118891,-28.379428287746073,514.08,502.95,569.73,647.04,367.77
2020-10-20 21:33:32.189004+00:00,-5.235303892124529,-28.050147890150615,513.86,502.88,569.29,646.42,368.18
2020-10-20 21:33:32.197004+00:00,-4.751590606341963,-28.868203390077394,514.16,503.55,569.54,645.59,367.48
2020-10-20 21:33:32.205004+00:00,-4.862497901641382,-28.743051800979345,514.75,503.62,569.47,646.03,367.81
2020-10-20 21:33:32.213004+00:00,-4.880082590790067,-28.739537296473515,514.53,503.31,569.2,645.73,367.57
2020-10-20 21:33:32.221004+00:00,-4.978461742869045,-28.575552128553493,514.42,503.48,569.06,645.77,367.79
2020-10-20 21:33:32.229004+00:00,-5.024107971884986,-28.46499716041496,514.29,503.14,569.04,646.17,367.97
2020-10-20 21:33:32.237004+00:00,-4.955353684727693,-28.470009910923128,514.47,503.31,569.16,647.1,367.66
2020-10-20 21:33:32.245004+00:00,-4.804508873833553,-28.352663107670647,515.5,503.55,570.25,647.94,367.75
2020-10-20 21:33:32.253004+00:00,-4.55470605571378,-28.374921804764885,514.47,502.99,568.59,646.71,367.91
2020-10-20 21:33:32.261004+00:00,-4.674924171491599,-28.162292435221143,514.24,502.78,568.72,647.32,367.73
2020-10-20 21:33:32.269004+00:00,-4.655850159178365,-28.108193724782137,514.72,503.03,568.59,647.39,367.48
2020-10-20 21:33:32.277004+00:00,-4.109106118249005,-28.321709216928156,514.67,502.79,568.57,647.63,368.07
2020-10-20 21:33:32.285004+00:00,-4.01374127660585,-28.38079333731011,514.2,501.54,568.17,648.14,368.73
2020-10-20 21:33:32.293004+00:00,-4.016573413076245,-28.042332626709772,514.75,502.07,567.95,647.95,368.05
2020-10-20 21:33:32.301004+00:00,-3.8791167899136427,-28.124028169816366,515.15,502.21,568.36,647.72,368.16
2020-10-20 21:33:32.309004+00:00,-3.7260600669838357,-28.00595287469557,515.01,502.37,568.6,647.52,367.74
2020-10-20 21:33:32.317004+00:00,-3.6132845461339067,-27.897005033267202,514.49,502.03,569.09,647.87,367.86
2020-10-20 21:33:32.325004+00:00,-3.499999137707354,-28.001450310647673,514.48,503.21,568.83,647.26,368.16
2020-10-20 21:33:32.333004+00:00,-3.4422295618000542,-28.381253540905316,514.81,503.19,568.49,646.18,368.34
2020-10-20 21:33:32.341004+00:00,-3.5248885036435404,-28.380197297206873,514.72,502.59,569.17,646.94,368.17
2020-10-20 21:33:32.349004+00:00,-3.605486692842839,-28.10699450769426,514.75,502.55,568.92,646.97,367.86
2020-10-20 21:33:32.357004+00:00,-3.6511576191558595,-28.218685947876804,514.66,502.86,569.2,646.93,368.17
2020-10-20 21:33:32.365004+00:00,-3.666079793926419,-28.427787418256937,514.49,502.32,569.76,647.86,368.3
2020-10-20 21:33:32.373004+00:00,-3.6939354125384645,-28.429877773602833,514.81,503.42,569.68,646.3,367.02
2020-10-20 21:33:32.381004+00:00,-3.826885811246474,-28.195585489012338,516.08,505.64,570.32,643.87,364.68
2020-10-20 21:33:32.389004+00:00,-3.8194894578976566,-28.291168665647568,513.7,501.61,569.18,649.48,368.9
2020-10-20 21:33:32.397004+00:00,-3.8460696882799876,-28.53860616609719,514.73,501.93,568.9,648.28,368.06
2020-10-20 21:33:32.405004+00:00,-4.111273751004158,-28.295615484300516,515.22,501.43,568.86,648.57,367.8
2020-10-20 21:33:32.413004+00:00,-4.207129448064454,-28.144688108161716,514.91,501.17,568.88,649.57,367.59
2020-10-20 21:33:32.421004+00:00,-4.102592062028398,-28.55737346247657,513.91,500.86,569.21,651.16,367.34
2020-10-20 21:33:32.429004+00:00,-3.838748527948923,-28.793791317319815,514.53,501.14,568.56,650.58,367.95
2020-10-20 21:33:32.437004+00:00,-3.9286203198854395,-28.81139245883213,514.51,500.66,567.87,651.09,368.15
2020-10-20 21:33:32.445004+00:00,-3.9876332946214683,-28.91944000024675,515.16,500.81,567.75,651.08,367.89
2020-10-20 21:33:32.453004+00:00,-4.001658406621433,-28.767872141759018,515.13,501.23,567.26,650.61,367.99
2020-10-20 21:33:32.461004+00:00,-4.202242640314604,-28.399570801832017,514.67,501.01,568.28,651.78,368.35
2020-10-20 21:33:32.469004+00:00,-4.15703085929591,-28.61294376113934,514.04,499.53,568.72,653.63,368.55
2020-10-20 21:33:32.477004+00:00,-4.117198089592017,-28.820671459700755,515.19,500.65,568.15,651.15,367.79
2020-10-20 21:33:32.485004+00:00,-4.133795488175024,-28.890831380128464,515.17,500.49,567.58,651.3,368.52
2020-10-20 21:33:32.493004+00:00,-4.126294601051774,-28.679491515529428,515.05,500.98,567.84,650.95,367.63
2020-10-20 21:33:32.501004+00:00,-3.838480410840028,-28.268682977971096,514.67,500.64,567.56,651.44,367.8
2020-10-20 21:33:32.509004+00:00,-3.7864859099928725,-28.58689207963693,514.79,500.61,567.55,650.79,368.31
2020-10-20 21:33:32.517004+00:00,-3.82216270663715,-28.218422869744867,515.23,502.06,567.95,649.35,367.59
2020-10-20 21:33:32.525004+00:00,-3.7261066915391123,-27.573368169459563,514.8,500.74,567.61,650.86,368.31
2020-10-20 21:33:32.533004+00:00,-3.7758994409867914,-28.08061903982821,514.74,501.11,567.96,650.65,367.88
2020-10-20 21:33:32.541004+00:00,-3.754056674996679,-27.853903266210867,514.22,500.68,568.02,651.19,368.14
2020-10-20 21:33:32.549004+00:00,-3.734704226416732,-27.46351111517238,514.86,501.01,568.12,651.01,368.1
2020-10-20 21:33:32.557004+00:00,-3.8555202823875336,-27.50053656776763,515.16,500.92,568.06,650.56,368.04
2020-10-20 21:33:32.565004+00:00,-4.115568663308616,-27.930789977181135,515.16,501.68,568.25,650.29,367.73
2020-10-20 21:33:32.573004+00:00,-4.037903338039184,-27.759901588017907,514.74,501.59,568.13,650.21,367.74
2020-10-20 21:33:32.581004+00:00,-3.947699856907874,-27.588390859181477,514.38,502.09,566.92,650.06,368.13
2020-10-20 21:33:32.589004+00:00,-4.12099325113645,-27.828041920870472,515.16,502.59,567.1,648.83,367.81
2020-10-20 21:33:32.597004+00:00,-4.25894560037314,-27.976583333407397,514.8,503.62,566.92,647.82,368.25
2020-10-20 21:33:32.605004+00:00,-4.328503303112511,-28.35186178720217,512.82,503.01,566.79,649.13,369.76
2020-10-20 21:33:32.613004+00:00,-4.48975232959871,-28.454199402528,514.53,506.38,567.52,645.09,367.77
2020-10-20 21:33:32.621004+00:00,-4.558458286814642,-28.348992960232287,514.85,506.76,566.57,642.81,368.11
2020-10-20 21:33:32.629004+00:00,-4.493742372750138,-27.662707057482272,514.06,508.59,566.05,640.37,367.96
2020-10-20 21:33:32.637004+00:00,-4.43249764034334,-27.688919949960155,514.51,510.52,566.97,638.62,368.35
2020-10-20 21:33:32.645004+00:00,-4.425826251715497,-28.108187986991307,513.66,511.26,565.55,634.67,368.71
2020-10-20 21:33:32.653004+00:00,-4.413912749062938,-28.197033237630933,513.95,512.34,564.36,630.62,368.72
2020-10-20 21:33:32.661004+00:00,-4.178083644452436,-28.385341070097073,514.13,517.38,567.71,629.43,367.62
2020-10-20 21:33:32.669004+00:00,-3.88178838882491,-28.282186333210266,513.77,519.2,566.8,625.79,367.88
2020-10-20 21:33:32.677004+00:00,-3.533698850794334,-27.678754724191304,513.72,522.53,567.71,622.08,367.98
2020-10-20 21:33:32.685004+00:00,-3.5014056361389785,-26.983756577224757,513.14,525.35,568.81,619.51,368.41
2020-10-20 21:33:32.693004+00:00,-3.3529786370132166,-28.520988497203206,512.91,528.89,569.02,616.29,367.91
2020-10-20 21:33:32.701004+00:00,-3.4708754394104466,-28.44075668380947,513.17,532.5,568.67,612.27,368.4
2020-10-20 21:33:32.709004+00:00,-3.425097803776753,-26.956190452125934,512.69,536.05,570.62,610.91,368.36
2020-10-20 21:33:32.717004+00:00,-2.732396525153727,-26.5687530464325,511.48,539.62,572.3,609.3,368.34
2020-10-20 21:33:32.725004+00:00,-2.051091869837665,-26.284607625580367,511.7,542.83,572.4,607.82,368.53
2020-10-20 21:33:32.733004+00:00,-1.7505428864319308,-24.981738067971083,511.59,546.45,572.72,604.63,368.25
2020-10-20 21:33:32.741004+00:00,-1.740811405519744,-23.66621461006959,510.8,551.12,573.37,601.35,368.09
2020-10-20 21:33:32.749004+00:00,-1.7081990406866268,-22.507257067884478,511.88,553.82,573.02,601.26,368.31
2020-10-20 21:33:32.757004+00:00,-1.5776665911923577,-21.034029897700055,511.48,557.68,574.24,600.16,367.9
2020-10-20 21:33:32.765004+00:00,-1.7995471608974016,-19.983744329993016,510.79,560.91,574.32,598.33,368.29
2020-10-20 21:33:32.773004+00:00,-2.021464288798454,-18.590428329281735,510.05,563.92,574.82,597.38,368.44
2020-10-20 21:33:32.781004+00:00,-1.5749459546580151,-17.628036072089532,509.41,566.49,573.72,595.98,368.89
2020-10-20 21:33:32.789004+00:00,-1.2588561769304598,-16.349109024252915,510.56,569.65,573.13,593.56,369.28
2020-10-20 21:33:32.797004+00:00,-1.468447608470961,-15.107655025794076,510.77,573.44,574.24,593.0,368.73
2020-10-20 21:33:32.805004+00:00,-2.128547789639054,-13.438807968114705,510.57,576.76,573.82,591.44,368.35
2020-10-20 21:33:32.813004+00:00,-2.764492778031267,-11.146906697001484,510.62,577.62,574.23,590.39,368.47
2020-10-20 21:33:32.821004+00:00,-2.358603253187826,-11.526916864038482,510.56,579.69,573.68,589.61,368.99
2020-10-20 21:33:32.829004+00:00,-2.3635339867221425,-9.4089152939898,510.76,581.95,573.36,589.74,369.0
2020-10-20 21:33:32.837004+00:00,-3.0988264682230895,-6.430496528198423,511.0,584.44,573.72,589.4,368.66
2020-10-20 21:33:32.845004+00:00,-3.6468100593537676,-5.030966607627571,510.38,585.49,573.36,588.38,369.27
2020-10-20 21:33:32.853004+00:00,-3.488159968325811,-4.479205514861454,510.67,587.78,573.27,587.85,368.73
2020-10-20 21:33:32.861004+00:00,-3.9829303184767837,-3.8886846419994834,510.37,588.74,573.52,588.28,368.97
2020-10-20 21:33:32.869004+00:00,-3.7873830836966103,-1.3010886432787256,510.97,591.88,573.1,585.46,367.6
2020-10-20 21:33:32.877004+00:00,-3.0189136149275537,-1.176421860589067,512.04,594.9,573.53,583.48,366.47
2020-10-20 21:33:32.885004+00:00,-3.9198539568897095,-0.241013053001657,510.36,592.96,573.78,587.46,369.26
2020-10-20 21:33:32.893004+00:00,-4.515499400047653,1.5106110585533379,511.16,594.32,573.2,585.86,369.37
2020-10-20 21:33:32.901004+00:00,-3.771624323686507,1.3550884274944597,509.86,596.52,575.26,586.38,367.84
2020-10-20 21:33:32.909004+00:00,-4.990926564390612,3.7871064248942803,509.73,597.44,575.36,586.78,369.06
2020-10-20 21:33:32.917004+00:00,-7.263019702774485,6.48729373640829,509.68,598.28,575.61,586.44,369.15
2020-10-20 21:33:32.925004+00:00,-5.693071210279583,4.445403858058585,509.86,598.92,575.5,586.33,368.86
2020-10-20 21:33:32.933004+00:00,-2.269317081704185,1.8811827649998805,509.53,599.24,575.63,585.99,369.45
2020-10-20 21:33:32.941004+00:00,-2.754116044140177,2.591796098939615,509.72,599.72,575.55,585.73,369.38
2020-10-20 21:33:32.949004+00:00,-3.5138192070270935,2.823518956022031,509.61,600.45,575.56,585.53,368.88
2020-10-20 21:33:32.957004+00:00,-3.4847481647983805,2.9299873560749545,509.07,601.1,575.67,585.17,368.83
2020-10-20 21:33:32.965004+00:00,-4.071685118513265,4.715204222038029,508.92,601.47,576.36,585.5,368.65
2020-10-20 21:33:32.973004+00:00,-3.7781323251903705,5.71708855419022,508.79,602.65,577.02,586.24,368.75
2020-10-20 21:33:32.981004+00:00,-2.2880460434409193,5.347885981738794,509.66,602.26,575.72,585.76,369.39
2020-10-20 21:33:32.989004+00:00,-2.9113142017763205,6.272016327934355,509.7,602.32,576.09,585.57,368.93
2020-10-20 21:33:32.997004+00:00,-3.7514303272900205,6.873211351333581,509.23,601.95,576.54,584.8,368.57
2020-10-20 21:33:33.005004+00:00,-3.4379768918642,5.932775157200553,510.75,603.31,578.97,587.15,369.51
2020-10-20 21:33:33.013004+00:00,-3.7852925255774985,6.424640748851444,511.96,604.98,580.97,589.22,370.77
2020-10-20 21:33:33.021004+00:00,-7.146422568182127,10.511421069778814,508.55,602.06,577.49,584.32,368.64
2020-10-20 21:33:33.029004+00:00,-7.506801801251656,11.346897588142212,509.24,602.7,578.62,585.62,368.92
2020-10-20 21:33:33.037004+00:00,-6.735227227910152,10.47495958807125,509.06,601.82,578.14,585.83,368.97
2020-10-20 21:33:33.045004+00:00,-7.7465685717063835,11.963556450651508,509.13,602.38,578.81,585.34,368.91
2020-10-20 21:33:33.053004+00:00,-8.547989405828034,13.160991772442634,509.25,602.42,579.72,585.51,369.05
2020-10-20 21:33:33.061004+00:00,-8.120435979735435,12.750949114205168,509.03,601.97,579.83,585.76,369.09
2020-10-20 21:33:33.069004+00:00,-4.618250048401169,7.9173677223111305,508.52,602.0,579.78,585.58,368.93
2020-10-20 21:33:33.077004+00:00,-8.13116201209934,12.02580032374227,508.71,602.16,579.94,586.2,369.0
2020-10-20 21:33:33.085004+00:00,-9.838746167808964,14.083016207417383,509.11,601.84,579.26,585.68,369.16
2020-10-20 21:33:33.093004+00:00,-8.216441416752875,11.876881970603852,508.71,602.22,579.55,586.0,369.25
2020-10-20 21:33:33.101004+00:00,-8.648355677768667,12.056064326585398,508.57,602.07,579.99,585.95,369.32
2020-10-20 21:33:33.109004+00:00,-9.461854895810976,12.427398945629813,509.63,601.15,579.19,585.34,368.83
2020-10-20 21:33:33.117004+00:00,-9.614379617599953,12.605709703990437,509.3,601.56,579.62,585.89,369.02
2020-10-20 21:33:33.125004+00:00,-9.651446743652963,12.165624933740798,509.18,601.29,579.59,585.74,368.71
2020-10-20 21:33:33.133004+00:00,-9.88453865316585,12.206418793704344,509.03,600.14,579.71,585.96,368.9
2020-10-20 21:33:33.141004+00:00,-8.687582642506781,10.779394915818637,508.69,598.86,579.43,586.52,368.8
2020-10-20 21:33:33.149004+00:00,-8.944172663662073,10.888137812283416,508.7,599.18,579.75,585.93,368.72
2020-10-20 21:33:33.157004+00:00,-7.833589890931129,9.525438070272978,509.06,598.99,579.89,585.43,368.68
2020-10-20 21:33:33.165004+00:00,-8.592978222761124,10.55706243756965,508.95,598.59,580.34,586.2,368.88
2020-10-20 21:33:33.173004+00:00,-9.35784357644843,11.977924119416025,508.72,598.08,580.94,586.12,368.69
2020-10-20 21:33:33.181004+00:00,-8.996228966806978,11.477626599194423,509.04,597.48,581.24,585.9,369.08
2020-10-20 21:33:33.189004+00:00,-8.945648449133236,11.248359890896536,509.2,596.45,581.31,585.37,368.97
2020-10-20 21:33:33.197004+00:00,-9.05127586992348,10.91196305474384,508.42,594.53,582.38,585.94,368.19
2020-10-20 21:33:33.205004+00:00,-8.771633615916663,10.243732934867321,508.4,593.21,583.2,586.3,368.37
2020-10-20 21:33:33.213004+00:00,-8.857801141217328,9.803587994438127,507.89,591.52,583.7,586.04,368.78
2020-10-20 21:33:33.221004+00:00,-13.951093387505761,8.467282245773054,508.0,590.61,583.05,585.33,368.64
2020-10-20 21:33:33.229004+00:00,-13.696568392220712,6.891620976685026,508.7,588.53,582.73,586.55,369.23
2020-10-20 21:33:33.237004+00:00,-9.679479971639458,9.157148201232731,508.6,586.8,583.61,588.15,369.66
2020-10-20 21:33:33.245004+00:00,-12.603422936738843,7.160135689469437,507.81,587.57,584.22,586.35,367.87
2020-10-20 21:33:33.253004+00:00,-14.444412410734362,5.949370457245757,507.81,585.7,583.71,586.69,369.03
2020-10-20 21:33:33.261004+00:00,-14.790927622900513,6.7137730969801765,507.89,583.32,583.51,586.47,368.77
2020-10-20 21:33:33.269004+00:00,-14.753446441937324,4.384849442435091,508.28,580.98,584.1,586.99,368.32
2020-10-20 21:33:33.277004+00:00,-12.428603082061068,2.5919449194605213,508.44,579.24,584.46,586.96,368.15
2020-10-20 21:33:33.285004+00:00,-9.030655831100368,4.588620242985466,508.57,576.01,584.65,588.44,368.75
2020-10-20 21:33:33.293004+00:00,-10.965792885562998,2.1621797091834374,507.82,572.71,584.96,589.33,368.9
2020-10-20 21:33:33.301004+00:00,-8.365072295281562,2.5682241433377846,508.54,570.35,584.54,588.95,368.31
2020-10-20 21:33:33.309004+00:00,-6.435577661706468,3.391387106428324,509.51,567.55,585.0,589.19,367.82
2020-10-20 21:33:33.317004+00:00,-9.281751978515675,4.317571120756063,509.5,564.58,584.51,589.62,368.12
2020-10-20 21:33:33.325004+00:00,-8.28306160408181,2.7592366257100562,509.67,561.09,584.41,591.32,368.63
2020-10-20 21:33:33.333004+00:00,-7.537175260186656,1.0740407977017103,510.27,556.91,584.82,592.98,367.89
2020-10-20 21:33:33.341004+00:00,-7.117970846949252,-0.01936210089550315,509.23,553.89,583.83,593.83,367.86
2020-10-20 21:33:33.349004+00:00,-7.062230689821028,-0.7476131614124945,509.61,551.8,583.13,595.34,368.02
2020-10-20 21:33:33.357004+00:00,-7.401496666329643,-0.531217093606572,510.3,549.78,582.99,596.02,368.49
2020-10-20 21:33:33.365004+00:00,-6.86711518376343,-2.5497981031987997,510.17,548.61,583.5,596.44,368.04
2020-10-20 21:33:33.373004+00:00,-7.0454345125601705,-3.687159575176574,510.25,547.53,583.55,596.33,366.91
2020-10-20 21:33:33.381004+00:00,-7.238160366773802,-3.492674093083724,510.53,545.15,583.6,597.94,367.86
2020-10-20 21:33:33.389004+00:00,-6.8745381212206125,-3.964395119532158,510.44,542.34,584.19,599.57,368.02
2020-10-20 21:33:33.397004+00:00,-6.788792400936329,-5.731423980786585,510.33,539.4,583.17,600.39,368.19
2020-10-20 21:33:33.405004+00:00,-6.898712192694859,-8.571120211784196,510.03,536.51,583.76,602.06,368.25
2020-10-20 21:33:33.413004+00:00,-6.171989029182276,-12.369407483939238,511.62,533.74,585.38,605.4,368.08
2020-10-20 21:33:33.421004+00:00,-5.626521978761472,-13.096268043577815,513.55,532.49,586.18,607.71,368.09
2020-10-20 21:33:33.429004+00:00,-6.131431631471034,-11.627315833497653,511.07,528.51,585.27,607.48,368.15
2020-10-20 21:33:33.437004+00:00,-5.452805810494054,-11.892661617796554,511.47,526.4,585.79,609.75,368.12
2020-10-20 21:33:33.445004+00:00,-4.822735842499273,-13.822278525651276,510.61,523.77,585.88,612.39,367.82
2020-10-20 21:33:33.453004+00:00,-5.424292885390864,-14.323854780679676,511.77,521.97,585.41,613.55,367.84
2020-10-20 21:33:33.461004+00:00,-6.183146963541983,-13.924990554198956,513.05,520.48,584.97,614.57,367.89
2020-10-20 21:33:33.469004+00:00,-6.7196888904949175,-14.150049681131604,511.79,518.66,585.41,617.81,367.97
2020-10-20 21:33:33.477004+00:00,-5.998785016640217,-16.684615585016793,511.88,517.66,584.8,618.85,367.85
2020-10-20 21:33:33.485004+00:00,-5.915181665912203,-18.214132248547998,511.62,516.74,584.45,620.02,367.46
2020-10-20 21:33:33.493004+00:00,-6.6790156596517605,-19.014851659933285,511.15,515.87,583.53,620.96,367.95
2020-10-20 21:33:33.501004+00:00,-8.134200494558298,-19.530910185123968,510.87,515.29,583.04,621.21,368.29
2020-10-20 21:33:33.509004+00:00,-9.388700237076012,-20.235052078007293,511.28,515.74,582.74,621.54,368.06
2020-10-20 21:33:33.517004+00:00,-9.74685347208472,-21.56684668232452,511.59,514.8,582.41,623.04,368.14
2020-10-20 21:33:33.525004+00:00,-10.008563857916878,-22.66847694360921,512.09,514.33,581.09,623.93,368.2
2020-10-20 21:33:33.533004+00:00,-9.529500828375163,-22.542958408207866,511.86,513.67,580.41,624.82,367.76
2020-10-20 21:33:33.541004+00:00,-9.719804091699128,-22.57715416313964,512.03,512.52,580.08,627.02,368.16
2020-10-20 21:33:33.549004+00:00,-9.838024801445375,-23.115410900289508,512.26,511.4,579.31,627.83,368.67
2020-10-20 21:33:33.557004+00:00,-10.001869916936405,-25.04801726083041,511.53,511.41,580.0,629.02,367.93
2020-10-20 21:33:33.565004+00:00,-9.815371455243353,-24.119537590129656,511.55,510.73,579.39,629.77,368.43
2020-10-20 21:33:33.573004+00:00,-9.622905425241463,-23.422222490009716,512.02,511.04,579.48,629.74,368.13
2020-10-20 21:33:33.581004+00:00,-9.617970703666238,-23.634551116377036,511.54,510.17,580.0,631.0,368.06
2020-10-20 21:33:33.589004+00:00,-9.470965969715648,-23.315304786523843,513.49,510.55,578.29,629.03,367.53
2020-10-20 21:33:33.597004+00:00,-9.268878751273613,-23.188642066122608,515.0,510.83,576.94,627.71,367.34
2020-10-20 21:33:33.605004+00:00,-8.72019950940725,-23.430568058404948,511.07,509.02,580.72,633.4,367.91
2020-10-20 21:33:33.613004+00:00,-8.41202913280941,-24.192804301247456,512.44,508.68,579.45,632.54,367.91
2020-10-20 21:33:33.621004+00:00,-7.936160369621059,-24.792318891954036,512.51,508.67,579.37,633.22,367.82
2020-10-20 21:33:33.629004+00:00,-7.991517963901138,-24.977408261629417,512.04,508.57,579.3,634.49,367.18
2020-10-20 21:33:33.637004+00:00,-8.109790728815707,-25.304835607313585,512.33,507.85,578.67,635.65,367.34
2020-10-20 21:33:33.645004+00:00,-8.103121127099556,-25.25241202244813,512.28,507.14,577.61,636.67,367.81
2020-10-20 21:33:33.653004+00:00,-8.360244404798065,-25.01764136244288,511.89,506.73,577.53,637.55,367.37
2020-10-20 21:33:33.661004+00:00,-8.401426612252203,-24.875692615668047,512.58,505.51,576.51,638.72,368.02
2020-10-20 21:33:33.669004+00:00,-8.518838030185776,-24.408352045555883,513.12,504.91,574.93,639.61,368.17
2020-10-20 21:33:33.677004+00:00,-8.671755489126598,-24.64814292063967,512.9,505.97,576.35,640.54,367.69
2020-10-20 21:33:33.685004+00:00,-8.699097135805461,-25.13097465291685,513.15,506.29,576.97,641.07,367.72
2020-10-20 21:33:33.693004+00:00,-8.608619286485796,-25.33266062534187,512.3,504.77,575.45,640.87,367.65
2020-10-20 21:33:33.701004+00:00,-8.545899329324504,-25.46062511744986,511.96,505.04,575.82,641.22,367.92
2020-10-20 21:33:33.709004+00:00,-8.521081422050298,-25.557333286429422,512.73,505.64,575.7,640.36,368.12
2020-10-20 21:33:33.717004+00:00,-8.524756397220608,-25.761292690322602,513.17,505.55,575.43,640.17,368.46
2020-10-20 21:33:33.725004+00:00,-8.437412457094158,-25.867515446760642,512.74,506.4,577.03,639.62,366.97
2020-10-20 21:33:33.733004+00:00,-8.104219957551695,-26.34061368938098,512.13,507.47,577.78,639.52,365.77
2020-10-20 21:33:33.741004+00:00,-7.572792870991906,-27.354210585795435,512.51,505.31,576.28,641.22,368.14
2020-10-20 21:33:33.749004+00:00,-7.381385234060954,-27.556964928379234,513.08,505.5,576.49,641.47,367.56
2020-10-20 21:33:33.757004+00:00,-7.361836551117766,-27.840724416114497,512.74,505.2,576.52,641.78,367.69
2020-10-20 21:33:33.765004+00:00,-7.348379827316738,-27.818775612094587,512.64,504.46,576.04,642.48,368.01
2020-10-20 21:33:33.773004+00:00,-7.511117442941991,-27.420656412436745,512.89,503.95,575.28,643.55,368.46
2020-10-20 21:33:33.781004+00:00,-7.739010525159121,-27.906576312248088,512.78,503.81,575.39,644.62,368.67
2020-10-20 21:33:33.789004+00:00,-7.759746927265555,-28.069622973024636,512.36,503.11,574.83,644.67,367.79
2020-10-20 21:33:33.797004+00:00,-7.6388962116933925,-27.739106540246436,512.4,503.14,574.36,645.79,367.88
2020-10-20 21:33:33.805004+00:00,-7.575452313670611,-27.77089207173334,512.65,502.25,573.34,646.57,367.78
2020-10-20 21:33:33.813004+00:00,-7.698814724287427,-27.57548077862268,513.33,503.3,572.73,645.78,368.16
2020-10-20 21:33:33.821004+00:00,-7.657349526152932,-26.933840155639725,513.56,504.38,572.75,645.41,368.35
2020-10-20 21:33:33.829004+00:00,-7.579726134217961,-27.13429675849592,513.02,502.53,572.84,646.03,367.34
2020-10-20 21:33:33.837004+00:00,-7.563316297560532,-27.50430496193003,513.01,502.63,573.14,646.09,367.62
2020-10-20 21:33:33.845004+00:00,-7.577132392152082,-27.790419680564447,512.31,502.82,573.64,646.55,367.6
2020-10-20 21:33:33.853004+00:00,-7.586050337494528,-28.09903763185363,512.42,502.29,573.74,646.61,367.72
2020-10-20 21:33:33.861004+00:00,-7.508173275172327,-28.311560249177106,513.17,502.22,572.96,646.51,368.22
2020-10-20 21:33:33.869004+00:00,-7.479789874672202,-27.930045646543242,513.33,503.01,573.48,646.53,367.47
2020-10-20 21:33:33.877004+00:00,-7.124980139829327,-28.069744615861797,513.39,503.36,573.53,646.74,367.49
2020-10-20 21:33:33.885004+00:00,-6.878812737688489,-28.356728389904532,513.78,503.09,573.55,646.56,367.51
2020-10-20 21:33:33.893004+00:00,-6.830864685967793,-28.44723396084943,512.92,502.11,574.17,647.6,367.54
2020-10-20 21:33:33.901004+00:00,-6.976672091249922,-28.151298908744362,513.17,502.13,573.38,648.07,367.79
2020-10-20 21:33:33.909004+00:00,-7.057579897674015,-28.052630045368133,513.61,502.21,572.37,647.65,367.53
2020-10-20 21:33:33.917004+00:00,-7.10997163404671,-28.004570462934222,513.58,501.75,572.06,647.79,367.76
2020-10-20 21:33:33.925004+00:00,-7.051059350517285,-27.592434299958597,513.58,501.54,572.12,648.57,367.76
2020-10-20 21:33:33.933004+00:00,-7.0132202986206975,-27.244670293902104,513.79,501.76,571.8,648.94,367.56
2020-10-20 21:33:33.941004+00:00,-6.9511245639853305,-27.255346833174134,513.5,501.46,571.71,650.14,367.86
2020-10-20 21:33:33.949004+00:00,-7.13773264005974,-27.227603108181814,513.69,500.38,570.93,650.64,368.29
2020-10-20 21:33:33.957004+00:00,-7.017038837117341,-27.36505555003994,514.66,500.5,569.65,650.53,368.67
2020-10-20 21:33:33.965004+00:00,-6.912370014892869,-27.57440220146077,513.38,500.76,569.91,650.94,368.28
2020-10-20 21:33:33.973004+00:00,-6.93103791893791,-27.697381134280413,513.73,500.92,569.84,650.46,367.88
2020-10-20 21:33:33.981004+00:00,-6.880132850601864,-27.686985562112792,513.51,501.3,569.81,649.96,367.85
2020-10-20 21:33:33.989004+00:00,-6.7293941796156735,-27.83160282183663,513.42,501.57,570.87,650.49,367.18
2020-10-20 21:33:33.997004+00:00,-6.608561856498866,-27.85113713175778,514.07,501.41,570.63,650.38,367.62
2020-10-20 21:33:34.005004+00:00,-6.583559911537547,-27.834467116183532,514.05,500.84,569.5,650.34,368.87
2020-10-20 21:33:34.013004+00:00,-6.350962364836449,-28.270735116154047,513.48,501.02,570.53,651.61,367.48
2020-10-20 21:33:34.021004+00:00,-6.236485800775132,-28.165595280642044,513.28,501.12,570.31,651.56,367.46
2020-10-20 21:33:34.029004+00:00,-6.130424283431277,-28.164107568992375,513.86,501.23,569.99,651.45,367.45
2020-10-20 21:33:34.037004+00:00,-6.151964103021639,-28.4488516312736,513.19,500.33,569.97,652.33,367.77
2020-10-20 21:33:34.045004+00:00,-6.363225160669813,-28.639552956013187,512.75,500.17,570.3,653.17,368.06
2020-10-20 21:33:34.053004+00:00,-6.357423990682161,-28.32374262769105,513.69,499.92,569.7,652.8,367.97
2020-10-20 21:33:34.061004+00:00,-6.236132933579679,-28.27276277503222,513.63,499.76,568.95,653.12,368.03
2020-10-20 21:33:34.069004+00:00,-6.130322016874745,-28.47470326002129,514.15,500.09,568.31,653.77,367.65
2020-10-20 21:33:34.077004+00:00,-6.161123545606589,-28.439893546799812,513.87,500.12,568.43,654.34,367.95
2020-10-20 21:33:34.085004+00:00,-6.1143160219745605,-28.38351921406974,512.13,499.64,569.25,655.02,366.61
2020-10-20 21:33:34.093004+00:00,-6.122394570453654,-28.440011252533285,512.26,498.96,568.99,655.25,366.36
2020-10-20 21:33:34.101004+00:00,-6.012304484271877,-28.42906687339471,514.34,499.57,567.36,654.83,368.4
2020-10-20 21:33:34.109004+00:00,-5.898894386905166,-28.46824132642438,514.07,500.45,567.69,654.07,367.8
2020-10-20 21:33:34.117004+00:00,-5.745399233395305,-27.922336067593463,514.34,500.63,567.96,653.26,367.35
2020-10-20 21:33:34.125004+00:00,-5.857323190776846,-27.788121537391852,514.15,500.4,568.13,653.53,367.65
2020-10-20 21:33:34.133004+00:00,-5.885493973965627,-28.621027442289545,513.91,501.07,568.84,652.89,367.17
2020-10-20 21:33:34.141004+00:00,-5.837849290633885,-28.799399612430783,514.09,501.37,568.76,652.42,366.93
2020-10-20 21:33:34.149004+00:00,-5.723042786281801,-28.865375993321596,513.59,501.12,568.39,652.68,368.19
2020-10-20 21:33:34.157004+00:00,-5.403707173551228,-28.926479225365718,513.75,501.2,568.47,651.64,368.23
2020-10-20 21:33:34.165004+00:00,-5.203162836454727,-29.152204156869107,513.45,502.13,568.12,650.62,368.31
2020-10-20 21:33:34.173004+00:00,-5.085368718344341,-29.067504510535876,514.93,503.73,568.47,648.48,367.36
2020-10-20 21:33:34.181004+00:00,-4.942514494026537,-29.95436958663343,514.93,504.7,568.72,647.04,367.21
2020-10-20 21:33:34.189004+00:00,-5.650075930319631,-32.421608958482594,513.51,505.1,568.35,645.82,368.27
2020-10-20 21:33:34.197004+00:00,-5.512281764022221,-30.524911078787785,513.59,506.13,568.54,643.92,367.84
2020-10-20 21:33:34.205004+00:00,-5.241025687655146,-29.222752814339565,513.2,507.58,568.0,642.54,368.1
2020-10-20 21:33:34.213004+00:00,-5.349663884808106,-29.56080779197708,512.97,509.04,568.47,640.58,367.99
2020-10-20 21:33:34.221004+00:00,-5.041739733917555,-29.717196762878874,513.02,509.88,568.6,637.4,367.69
2020-10-20 21:33:34.229004+00:00,-5.069887774511748,-29.1649332008079,513.55,512.82,568.43,633.79,367.57
2020-10-20 21:33:34.237004+00:00,-5.152042539630479,-28.476674450970116,513.5,515.9,569.0,630.72,367.97
2020-10-20 21:33:34.245004+00:00,-4.877853340347059,-28.587787326159884,512.7,518.16,569.93,627.6,368.35
2020-10-20 21:33:34.253004+00:00,-4.65111075747885,-29.371752420580055,512.71,521.18,569.98,623.62,368.3
2020-10-20 21:33:34.261004+00:00,-4.776144134529992,-28.83486647891814,512.39,524.89,570.55,619.77,367.96
2020-10-20 21:33:34.269004+00:00,-4.888179875391363,-27.442401066284784,512.01,528.91,571.89,616.92,368.08
2020-10-20 21:33:34.277004+00:00,-4.584806156729245,-27.408639291958888,512.02,532.47,572.03,613.46,368.73
2020-10-20 21:33:34.285004+00:00,-4.459350614879389,-26.919286050240792,512.23,536.57,573.36,611.03,368.41
2020-10-20 21:33:34.293004+00:00,-4.217596063128829,-25.765783425183237,512.45,540.58,574.62,609.12,368.46
2020-10-20 21:33:34.301004+00:00,-3.8755441536444284,-24.998482834396906,511.73,543.8,574.73,607.59,368.66
2020-10-20 21:33:34.309004+00:00,-3.9511762384151226,-25.874901120071815,512.39,547.99,574.3,604.27,368.21
2020-10-20 21:33:34.317004+00:00,-3.907269448387792,-25.65430231324319,512.55,551.71,575.02,602.21,368.46
2020-10-20 21:33:34.325004+00:00,-3.6710470355094524,-24.325829833663626,510.6,554.85,575.99,601.9,368.52
2020-10-20 21:33:34.333004+00:00,-3.592714774496284,-22.74560758550742,510.09,558.45,575.05,598.89,368.57
2020-10-20 21:33:34.341004+00:00,-3.813077279866151,-21.42139237135537,509.98,562.12,575.04,596.93,368.94
2020-10-20 21:33:34.349004+00:00,-3.6603572230685884,-20.07648033598075,510.2,565.93,576.57,596.07,368.15
2020-10-20 21:33:34.357004+00:00,-3.312047858462124,-17.78453508827836,509.84,569.46,577.53,595.55,367.95
2020-10-20 21:33:34.365004+00:00,-3.1180390750169678,-16.3508209796468,509.91,571.5,576.59,593.94,368.41
2020-10-20 21:33:34.373004+00:00,-2.804258462726143,-15.833751710797111,509.91,574.05,576.35,592.25,368.64
2020-10-20 21:33:34.381004+00:00,-2.6103624827174308,-14.83942132613569,509.53,577.6,576.82,590.63,368.56
2020-10-20 21:33:34.389004+00:00,-3.0040166480086015,-13.036960220433913,509.69,580.18,576.79,590.05,369.02
2020-10-20 21:33:34.397004+00:00,-3.4753482645187654,-11.125240819609267,509.53,581.98,577.79,589.97,368.25
2020-10-20 21:33:34.405004+00:00,-3.601553429748244,-9.357907373409494,509.29,584.28,577.61,589.35,367.75
2020-10-20 21:33:34.413004+00:00,-4.106288782934452,-6.624828898857976,509.74,586.8,577.19,588.28,368.87
2020-10-20 21:33:34.421004+00:00,-5.063531507689142,-4.118979305651603,509.91,587.94,577.71,588.11,368.74
2020-10-20 21:33:34.429004+00:00,-5.016052189173032,-4.891116018772081,509.91,590.19,576.89,587.66,368.64
2020-10-20 21:33:34.437004+00:00,-5.051174342791959,-2.995602156639713,509.55,592.38,577.2,586.95,368.05
2020-10-20 21:33:34.445004+00:00,-5.635184469585595,-1.6995477013299136,509.51,593.97,577.82,588.42,370.22
2020-10-20 21:33:34.453004+00:00,-5.955485227421828,-0.05341622370167552,509.1,595.74,577.84,588.31,370.62
2020-10-20 21:33:34.461004+00:00,-5.274378921508276,0.10728069090561708,509.11,596.91,577.92,586.11,368.11
2020-10-20 21:33:34.469004+00:00,-5.160289032044861,0.15105204698955466,509.38,597.79,577.82,586.67,368.76
2020-10-20 21:33:34.477004+00:00,-5.563458013582491,2.9852311293291365,509.44,598.87,578.03,586.16,368.71
2020-10-20 21:33:34.485004+00:00,-5.231444914920814,3.1384645210516275,509.84,600.6,578.9,585.65,368.28
2020-10-20 21:33:34.493004+00:00,-5.133563900773043,3.3844671779571605,509.54,601.93,578.98,585.92,368.73
2020-10-20 21:33:34.501004+00:00,-6.154190379747425,4.527759547372904,508.74,602.17,579.09,586.6,369.5
2020-10-20 21:33:34.509004+00:00,-9.056147530047902,7.743120751383799,508.77,602.82,578.91,586.15,369.16
2020-10-20 21:33:34.517004+00:00,-8.95534616729449,8.850497209212548,508.69,603.56,578.68,585.44,369.14
2020-10-20 21:33:34.525004+00:00,-8.560092049316225,9.035459695901125,508.41,604.43,578.96,585.27,369.16
2020-10-20 21:33:34.533004+00:00,-9.245636662581274,10.254618432862772,509.42,605.24,579.44,585.69,369.13
2020-10-20 21:33:34.541004+00:00,-9.29220558266387,10.758817137721334,509.71,605.96,579.92,585.75,368.89
2020-10-20 21:33:34.549004+00:00,-8.64507008152465,10.276335503133017,508.98,606.78,580.14,585.19,368.82
2020-10-20 21:33:34.557004+00:00,-8.922471810622572,10.80447412178044,509.08,607.22,580.43,585.13,369.22
2020-10-20 21:33:34.565004+00:00,-10.189788347642503,12.206598040700198,508.69,607.45,581.09,585.23,368.81
2020-10-20 21:33:34.573004+00:00,-9.698684276818643,11.45284046975966,508.78,607.62,581.4,585.44,368.72
2020-10-20 21:33:34.581004+00:00,-9.108727753141222,11.124565310438573,508.96,607.65,581.29,585.02,368.84
2020-10-20 21:33:34.589004+00:00,-5.936338754355122,7.588681415639742,508.74,607.98,581.0,584.61,369.01
2020-10-20 21:33:34.597004+00:00,-8.488003626542016,10.746561700405627,508.6,608.04,581.74,584.83,369.06
2020-10-20 21:33:34.605004+00:00,-9.836741957859653,12.705387398761845,508.8,608.16,582.11,584.53,369.02
2020-10-20 21:33:34.613004+00:00,-8.9758437071969,11.913600992229842,508.62,608.15,582.38,585.06,368.86
2020-10-20 21:33:34.621004+00:00,-10.44809301238056,13.916914685568226,508.73,608.17,582.67,585.38,369.01
2020-10-20 21:33:34.629004+00:00,-11.186196934132298,14.868899572195238,508.89,607.99,582.15,584.87,369.05
2020-10-20 21:33:34.637004+00:00,-11.352720473844391,15.290837411400064,508.19,607.3,582.37,585.25,368.82
2020-10-20 21:33:34.645004+00:00,-11.346864448158618,14.841920614010046,508.63,607.32,582.43,585.21,368.84
2020-10-20 21:33:34.653004+00:00,-11.240069048579713,14.316705163384261,508.8,606.54,582.63,585.12,369.29
2020-10-20 21:33:34.661004+00:00,-10.67394360821066,13.511892086728684,508.33,605.75,582.57,585.47,369.53
2020-10-20 21:33:34.669004+00:00,-10.34255518254337,12.920982550308176,509.05,607.02,583.11,584.33,366.3
2020-10-20 21:33:34.677004+00:00,-10.598643910959359,13.196815960359954,509.27,606.55,583.02,584.24,366.46
2020-10-20 21:33:34.685004+00:00,-11.336636119784643,14.19216130200263,508.38,604.64,581.66,585.15,369.3
2020-10-20 21:33:34.693004+00:00,-11.550719903890156,14.539226779124956,508.4,604.72,582.35,584.96,368.85
2020-10-20 21:33:34.701004+00:00,-11.43149405010382,14.138952854246954,508.74,604.36,582.66,584.74,368.94
2020-10-20 21:33:34.709004+00:00,-11.41131361256279,14.070511634840713,507.78,603.05,583.17,585.97,368.43
2020-10-20 21:33:34.717004+00:00,-11.25698098956218,13.777009295982952,507.51,602.3,583.08,586.7,368.17
2020-10-20 21:33:34.725004+00:00,-11.194573906685958,13.511853065588424,508.15,601.03,582.89,585.74,368.47
2020-10-20 21:33:34.733004+00:00,-11.434857480884064,13.96815231313363,508.75,599.85,583.39,585.92,368.65
2020-10-20 21:33:34.741004+00:00,-11.975651186423825,14.583591970203635,508.78,599.15,583.61,585.96,369.1
2020-10-20 21:33:34.749004+00:00,-11.464801925521254,13.751714569711254,508.04,597.98,584.03,585.62,368.84
2020-10-20 21:33:34.757004+00:00,-11.417100964795956,13.783807020851157,507.73,596.46,584.85,586.52,369.05
2020-10-20 21:33:34.765004+00:00,-11.958303097216245,14.259866562388245,507.31,595.01,585.53,586.76,368.86
2020-10-20 21:33:34.773004+00:00,-11.380359426647182,12.310603913802575,508.24,593.76,584.95,585.41,368.18
2020-10-20 21:33:34.781004+00:00,-11.613250622911622,12.693218394036668,507.89,591.97,585.38,584.93,368.32
2020-10-20 21:33:34.789004+00:00,-11.062266457935994,11.321074613492884,507.91,589.87,585.37,584.66,368.37
2020-10-20 21:33:34.797004+00:00,-10.36380623632256,10.871872589028431,508.36,587.03,586.83,585.66,368.32
2020-10-20 21:33:34.805004+00:00,-11.620605007367713,12.281021080942782,509.81,583.05,584.21,583.81,368.82
2020-10-20 21:33:34.813004+00:00,-14.926081112643915,8.128092691245566,509.78,580.28,583.07,583.55,368.82
2020-10-20 21:33:34.821004+00:00,-16.204558435284593,6.63582382049593,508.33,578.66,586.26,585.93,368.27
2020-10-20 21:33:34.829004+00:00,-16.555307453606503,6.472133647951973,508.4,576.55,586.38,585.35,368.26
2020-10-20 21:33:34.837004+00:00,-15.927160148853456,5.743655758133531,508.55,575.05,586.92,585.38,368.2
2020-10-20 21:33:34.845004+00:00,-11.853672197618584,7.528838715567989,509.02,573.82,587.7,586.34,368.12
2020-10-20 21:33:34.853004+00:00,-8.018239287106667,4.419468178283007,508.32,572.0,587.84,586.72,368.23
2020-10-20 21:33:34.861004+00:00,-7.978996476981358,2.78562019280694,508.84,569.95,588.79,586.97,368.14
2020-10-20 21:33:34.869004+00:00,-8.52716306154263,2.5261437117562813,508.83,566.93,589.88,588.22,368.11
2020-10-20 21:33:34.877004+00:00,-8.273816579385251,1.3762035217196318,508.6,562.29,589.7,589.12,368.36
2020-10-20 21:33:34.885004+00:00,-8.33519163315527,0.6720382582748249,509.48,557.7,589.81,590.66,368.18
2020-10-20 21:33:34.893004+00:00,-8.185507021205915,0.23590320764172787,510.2,553.14,589.13,592.3,367.76
2020-10-20 21:33:34.901004+00:00,-7.711697570260378,-1.1575049976240421,510.24,548.01,588.83,594.08,367.61
2020-10-20 21:33:34.909004+00:00,-7.853262968288762,-1.6559141957606172,509.98,543.97,587.92,596.19,368.12
2020-10-20 21:33:34.917004+00:00,-8.125684987552702,-1.3121049826683582,510.21,541.11,586.73,598.49,368.14
2020-10-20 21:33:34.925004+00:00,-8.334097474134584,-2.1096061513409,510.04,538.84,585.95,600.28,367.83
2020-10-20 21:33:34.933004+00:00,-8.785389852499081,-2.959237846177562,510.58,538.06,585.14,601.13,368.31
2020-10-20 21:33:34.941004+00:00,-9.544099496566375,-2.9325825296177594,509.88,537.67,585.44,601.36,367.69
2020-10-20 21:33:34.949004+00:00,-9.70743324298947,-3.5426422235461414,509.96,538.22,585.16,600.77,367.79
2020-10-20 21:33:34.957004+00:00,-9.31517671229804,-5.830986219942951,510.72,538.67,585.13,600.75,368.37
2020-10-20 21:33:34.965004+00:00,-9.26009956550367,-8.428567980044894,510.23,538.22,585.61,601.16,367.76
2020-10-20 21:33:34.973004+00:00,-10.742108987644668,-8.664543043181617,509.83,537.55,585.32,601.88,368.11
2020-10-20 21:33:34.981004+00:00,-11.146073968789015,-9.413543765596593,510.63,537.16,585.23,601.35,368.09
2020-10-20 21:33:34.989004+00:00,-9.68837367354437,-12.757360002894108,510.93,536.27,585.67,601.86,368.11
2020-10-20 21:33:34.997004+00:00,-8.154818604460825,-17.36179945140818,510.6,534.39,585.67,603.16,368.41
2020-10-20 21:33:35.005004+00:00,-9.299398628690827,-15.1211962012853,510.61,533.13,585.55,603.83,367.93
2020-10-20 21:33:35.013004+00:00,-8.376142451908676,-16.197299217727206,510.17,531.14,586.12,605.85,367.88
2020-10-20 21:33:35.021004+00:00,-7.482716848884497,-17.632855000936733,509.95,527.88,585.74,608.2,367.41
2020-10-20 21:33:35.029004+00:00,-7.53221145611847,-17.632310256205006,510.47,523.79,583.5,612.2,369.71
2020-10-20 21:33:35.037004+00:00,-7.873412417277948,-17.69753373351636,511.28,520.64,582.53,615.04,369.94
2020-10-20 21:33:35.045004+00:00,-8.254015210947614,-17.351699738425193,511.19,518.88,582.09,616.65,367.92
2020-10-20 21:33:35.053004+00:00,-8.951373133521821,-16.16960021561958,510.79,516.45,581.32,620.21,367.82
2020-10-20 21:33:35.061004+00:00,-10.073450755562131,-13.580346513597918,510.83,513.82,580.34,623.29,367.65
2020-10-20 21:33:35.069004+00:00,-8.45919832396567,-17.16234942356751,511.41,511.95,578.96,626.27,367.87
2020-10-20 21:33:35.077004+00:00,-8.029900796103986,-18.972154841661695,511.27,510.02,577.77,629.66,368.64
2020-10-20 21:33:35.085004+00:00,-8.682592455305256,-18.719732793158173,511.67,508.59,576.72,631.76,368.42
2020-10-20 21:33:35.093004+00:00,-8.965563394731229,-19.52078290203433,512.34,508.27,575.84,633.88,367.62
2020-10-20 21:33:35.101004+00:00,-8.823969703504286,-20.69958829781872,512.35,507.79,575.36,636.28,367.7
2020-10-20 21:33:35.109004+00:00,-8.720308172861431,-21.62460608212019,512.0,506.6,575.47,638.22,367.43
2020-10-20 21:33:35.117004+00:00,-8.798805315349819,-21.80461513764246,512.34,505.66,573.97,639.73,367.66
2020-10-20 21:33:35.125004+00:00,-8.271368542903076,-21.51806128364937,512.43,505.29,572.91,641.05,368.23
2020-10-20 21:33:35.133004+00:00,-7.958022609391471,-22.39978185696183,512.31,504.27,572.86,642.07,368.26
2020-10-20 21:33:35.141004+00:00,-8.494585583171919,-23.54774998714672,513.2,504.11,572.36,643.01,367.82
2020-10-20 21:33:35.149004+00:00,-8.853660016889123,-23.990071465164096,513.06,503.96,571.62,644.18,367.52
2020-10-20 21:33:35.157004+00:00,-8.38104542537953,-25.63797177523263,512.69,503.56,571.19,645.95,367.8
2020-10-20 21:33:35.165004+00:00,-8.052958223729313,-25.88274852177446,512.73,503.36,571.1,646.89,369.02
2020-10-20 21:33:35.173004+00:00,-7.722651898166619,-26.146605957872143,512.97,502.15,570.52,648.09,368.52
2020-10-20 21:33:35.181004+00:00,-7.4615365841748815,-26.904084905517035,512.77,502.03,569.88,648.75,367.85
2020-10-20 21:33:35.189004+00:00,-7.144365874094853,-27.202565627611186,513.07,502.19,569.17,648.68,367.87
2020-10-20 21:33:35.197004+00:00,-7.074798459679703,-27.521421608382177,513.4,501.65,568.49,649.2,367.32
2020-10-20 21:33:35.205004+00:00,-7.1097188153935384,-27.44394539336516,513.36,502.11,569.25,649.51,367.23
2020-10-20 21:33:35.213004+00:00,-6.8101123776365995,-26.666820885330843,513.65,502.32,568.8,650.27,367.71
2020-10-20 21:33:35.221004+00:00,-6.3571512070797045,-26.83789367676457,513.64,501.91,567.98,650.39,367.9
2020-10-20 21:33:35.229004+00:00,-6.0786099737078985,-27.769947418210204,513.62,501.66,568.4,650.18,367.68
2020-10-20 21:33:35.237004+00:00,-6.021869812725106,-27.817651854631645,513.06,501.64,569.39,650.51,367.53
2020-10-20 21:33:35.245004+00:00,-5.714763559155218,-27.60337356421477,512.94,501.66,569.67,650.57,367.58
2020-10-20 21:33:35.253004+00:00,-5.471154725793053,-28.50086431234021,512.56,500.44,568.97,651.26,368.61
2020-10-20 21:33:35.261004+00:00,-5.753727033128293,-29.273880506036527,512.66,501.17,569.08,651.02,367.98
2020-10-20 21:33:35.269004+00:00,-5.946043668740101,-29.361947409911675,512.84,501.88,569.08,650.78,367.46
2020-10-20 21:33:35.277004+00:00,-5.952811504635845,-29.12360863611221,512.71,501.17,568.76,651.51,368.46
2020-10-20 21:33:35.285004+00:00,-6.011766309304293,-29.13594704363928,513.71,501.28,568.28,651.21,368.12
2020-10-20 21:33:35.293004+00:00,-5.992956177571424,-28.758198277496742,513.48,501.27,568.88,651.35,367.41
2020-10-20 21:33:35.301004+00:00,-6.023336097312407,-28.63255185895166,513.52,501.46,567.63,650.47,368.39
2020-10-20 21:33:35.309004+00:00,-6.178761805161802,-28.679210681328108,513.16,500.84,567.82,651.34,368.75
2020-10-20 21:33:35.317004+00:00,-6.438116890237825,-28.59044167675061,513.26,500.41,568.69,652.08,368.28
2020-10-20 21:33:35.325004+00:00,-6.398989951579782,-28.798489839549706,513.88,501.07,568.16,650.92,368.61
2020-10-20 21:33:35.333004+00:00,-6.587759315677073,-29.03012741640414,513.59,501.51,568.67,650.41,368.17
2020-10-20 21:33:35.341004+00:00,-6.615019188170512,-29.165008937306936,513.64,502.3,569.52,650.41,367.37
2020-10-20 21:33:35.349004+00:00,-6.360171590889892,-28.976311726187813,513.42,500.61,567.39,649.65,368.17
2020-10-20 21:33:35.357004+00:00,-6.319397817111252,-28.839665143539374,513.31,500.35,567.92,650.14,368.39
2020-10-20 21:33:35.365004+00:00,-6.275823475426054,-28.986565258559295,513.08,501.58,569.88,651.1,367.77
2020-10-20 21:33:35.373004+00:00,-6.219225135635742,-28.951476071850358,512.88,501.29,569.62,651.07,367.61
2020-10-20 21:33:35.381004+00:00,-6.130754392533453,-28.996695287219666,513.22,501.3,569.07,651.23,368.1
2020-10-20 21:33:35.389004+00:00,-6.066212501871851,-28.94243564426368,513.54,500.95,568.87,650.39,367.63
2020-10-20 21:33:35.397004+00:00,-5.969173312371891,-29.19718302207903,513.64,501.19,568.94,650.47,367.4
2020-10-20 21:33:35.405004+00:00,-6.093878210308677,-29.641419749166342,513.43,500.86,568.63,651.43,367.64
2020-10-20 21:33:35.413004+00:00,-5.758119624771755,-29.906992703104414,513.27,500.61,568.81,652.12,367.98
2020-10-20 21:33:35.421004+00:00,-5.753676023743163,-29.64164613188217,513.28,500.68,568.61,652.86,368.26
2020-10-20 21:33:35.429004+00:00,-5.796318822948187,-29.424593376501047,513.02,500.47,568.58,652.6,367.71
2020-10-20 21:33:35.437004+00:00,-5.716876381771493,-29.41862354198418,512.9,500.47,568.33,653.3,368.03
2020-10-20 21:33:35.445004+00:00,-5.849876466202291,-29.115114344269696,513.55,500.35,567.68,653.13,367.89
2020-10-20 21:33:35.453004+00:00,-6.03300857951927,-28.809652397322424,513.67,500.61,567.79,652.04,367.66
2020-10-20 21:33:35.461004+00:00,-6.1057853600743615,-29.002078063167097,513.57,500.91,568.14,652.72,367.73
2020-10-20 21:33:35.469004+00:00,-6.061895837137008,-29.042938356406726,513.7,500.75,568.28,652.8,367.19
2020-10-20 21:33:35.477004+00:00,-5.8590326317777235,-28.60244152534048,513.47,500.08,567.84,652.78,368.09
2020-10-20 21:33:35.485004+00:00,-5.775011291098371,-28.66197680021397,513.78,500.09,567.71,653.02,367.94
2020-10-20 21:33:35.493004+00:00,-5.672215007506825,-28.560747782371894,514.0,500.32,568.34,653.15,367.55
2020-10-20 21:33:35.501004+00:00,-5.5427813985987475,-28.279273072347404,513.83,500.46,568.09,653.3,367.58
2020-10-20 21:33:35.509004+00:00,-5.482671362361533,-28.58615578763314,513.72,500.58,567.8,652.73,367.68
2020-10-20 21:33:35.517004+00:00,-5.398301206445381,-28.65119105535916,513.47,500.06,568.6,653.26,367.74
2020-10-20 21:33:35.525004+00:00,-5.446298361944656,-28.52350319586692,514.16,499.68,567.02,652.89,368.6
2020-10-20 21:33:35.533004+00:00,-5.381314639651655,-27.859249985771115,513.95,500.25,567.53,652.98,368.8
2020-10-20 21:33:35.541004+00:00,-5.369536854238964,-27.603049060631303,513.32,500.43,568.41,653.29,367.87
2020-10-20 21:33:35.549004+00:00,-5.45541707868507,-27.68750772815945,513.53,499.9,568.0,653.66,367.9
2020-10-20 21:33:35.557004+00:00,-5.247920436074602,-27.982953425084368,513.68,500.31,567.91,653.49,367.64
2020-10-20 21:33:35.565004+00:00,-5.216451312687184,-28.16563660318847,514.12,500.67,568.01,652.58,367.61
2020-10-20 21:33:35.573004+00:00,-5.299855117996048,-27.993231355552208,514.28,500.53,568.23,652.62,367.58
2020-10-20 21:33:35.581004+00:00,-5.183690988353149,-27.982843379229465,513.73,500.45,568.27,653.02,367.63
2020-10-20 21:33:35.589004+00:00,-5.212009533159571,-28.200662173205302,513.8,500.73,568.61,652.66,367.54
2020-10-20 21:33:35.597004+00:00,-5.2054937153061225,-28.072819685332437,514.08,500.55,568.67,652.7,367.82
2020-10-20 21:33:35.605004+00:00,-5.16388296165256,-28.090432664518527,513.73,500.55,568.58,652.92,367.86
2020-10-20 21:33:35.613004+00:00,-5.219651569727469,-28.209879595917727,512.82,500.7,569.05,652.63,368.56
2020-10-20 21:33:35.621004+00:00,-5.195044195149801,-28.335559548422722,,,,,
